arm,split,row,pair,part,label,klass,settles_at,delta,se,u10,u20,u30,u40,u50,u60,u70,u80,u90,u100,u110,u120,sd10,sd20,sd30,sd40,sd50,sd60,sd70,sd80,sd90,sd100,sd110,sd120,c10,c20,c30,c40,c50,c60,c70,c80,c90,c100,c110,c120
shape-free,hc_context_drift,0,0,hc_context_drift_p0,1,late,90,0.0899,0.045,0.4001,0.5092,0.3929,0.6157,0.634,0.562,0.8652,0.8563,0.9491,0.8964,0.9325,0.9551,0.2891,0.3143,0.2818,0.3066,0.3101,0.3584,0.2474,0.2511,0.1361,0.2264,0.17,0.1614,0.2188,0.5938,0.5938,0.7188,0.9062,1.0,1.0,0.9688,1.0,1.0,1.0,1.0
shape-free,hc_context_drift,1,0,hc_context_drift_p0,0,late,70,0.0669,0.0335,0.5934,0.5148,0.6572,0.6029,0.7798,0.8718,0.893,0.8992,0.9317,0.9644,0.9565,0.9559,0.2902,0.3358,0.2748,0.3199,0.2353,0.15,0.1543,0.1993,0.0923,0.0602,0.0719,0.0881,0.2188,0.5938,0.5938,0.7188,0.9062,1.0,1.0,0.9688,1.0,1.0,1.0,1.0
shape-free,hc_context_drift,2,1,hc_context_drift_p0,1,late,70,0.0789,0.0394,0.3302,0.4275,0.3436,0.5762,0.6678,0.73,0.9085,0.9335,0.9908,0.9997,0.9692,0.9716,0.2509,0.2914,0.2782,0.3563,0.376,0.3471,0.227,0.1838,0.0501,0.0018,0.1537,0.1604,0.2188,0.375,0.5312,0.75,0.9062,0.9375,0.9688,1.0,1.0,1.0,1.0,1.0
shape-free,hc_context_drift,3,1,hc_context_drift_p0,0,late,80,0.057,0.0285,0.6622,0.5749,0.7067,0.6687,0.8046,0.8814,0.9042,0.9195,0.9457,0.9686,0.9626,0.9633,0.2518,0.3038,0.2494,0.3033,0.2228,0.1451,0.1176,0.1335,0.0583,0.0518,0.0522,0.0461,0.2188,0.375,0.5312,0.75,0.9062,0.9375,0.9688,1.0,1.0,1.0,1.0,1.0
shape-free,hc_context_drift,4,2,hc_context_drift_p0,1,late,80,0.0774,0.0387,0.389,0.5118,0.4206,0.61,0.5564,0.6529,0.879,0.895,0.9642,0.9338,0.9604,0.9602,0.245,0.2835,0.2485,0.2798,0.2953,0.2952,0.2243,0.1834,0.1027,0.1746,0.1449,0.149,0.25,0.4688,0.5625,0.6875,0.8438,0.9375,0.9688,0.9688,1.0,1.0,1.0,1.0
shape-free,hc_context_drift,5,2,hc_context_drift_p0,0,late,80,0.0645,0.0323,0.6053,0.5074,0.63,0.5933,0.7661,0.8304,0.8734,0.8926,0.9116,0.9546,0.9423,0.9472,0.2465,0.3053,0.2525,0.2948,0.2417,0.1714,0.1455,0.1669,0.1183,0.0585,0.0908,0.097,0.25,0.4688,0.5625,0.6875,0.8438,0.9375,0.9688,0.9688,1.0,1.0,1.0,1.0
shape-free,hc_context_drift,6,3,hc_context_drift_p0,1,late,110,0.0984,0.0492,0.3563,0.4713,0.3489,0.5341,0.4692,0.4638,0.7468,0.708,0.8508,0.7688,0.8579,0.9143,0.2776,0.2925,0.2398,0.3144,0.2995,0.3136,0.2894,0.3345,0.2146,0.3324,0.2388,0.1911,0.2188,0.6875,0.625,0.8125,0.9688,0.9688,1.0,0.9688,1.0,1.0,1.0,1.0
shape-free,hc_context_drift,7,3,hc_context_drift_p0,0,late,90,0.0622,0.0311,0.6363,0.562,0.691,0.6418,0.7917,0.8742,0.9196,0.9066,0.9446,0.9826,0.9744,0.9697,0.2799,0.318,0.2529,0.3218,0.2312,0.1648,0.1264,0.1919,0.0924,0.0363,0.0438,0.0524,0.2188,0.6875,0.625,0.8125,0.9688,0.9688,1.0,0.9688,1.0,1.0,1.0,1.0
shape-free,hc_context_drift,8,4,hc_context_drift_p1,1,late,90,0.0844,0.0422,0.2576,0.2951,0.3091,0.4409,0.4523,0.5478,0.8415,0.8267,0.9377,0.8998,0.9734,0.9497,0.2382,0.2416,0.2626,0.3173,0.3092,0.3349,0.258,0.2515,0.1879,0.2272,0.0641,0.1728,0.25,0.7812,0.75,0.8438,0.875,0.9688,1.0,1.0,1.0,1.0,1.0,1.0
shape-free,hc_context_drift,9,4,hc_context_drift_p1,0,late,80,0.0447,0.0224,0.7378,0.7469,0.7471,0.7993,0.8694,0.9257,0.9293,0.9465,0.9723,0.9842,0.9758,0.9886,0.2425,0.2238,0.2434,0.2058,0.1606,0.1017,0.1156,0.0737,0.0423,0.0253,0.0522,0.0305,0.25,0.7812,0.75,0.8438,0.875,0.9688,1.0,1.0,1.0,1.0,1.0,1.0
shape-free,hc_context_drift,10,5,hc_context_drift_p2,1,late,90,0.0994,0.0497,0.3992,0.3938,0.4973,0.3589,0.364,0.3985,0.4418,0.3866,0.4481,0.5226,0.511,0.494,0.2987,0.2738,0.2737,0.2903,0.2722,0.2709,0.2127,0.2617,0.2911,0.2955,0.3484,0.2863,0.5625,0.3438,0.4375,0.5312,0.7812,0.8125,0.9375,0.9375,0.9688,0.9062,1.0,0.9375
shape-free,hc_context_drift,11,5,hc_context_drift_p2,0,late,70,0.0643,0.0322,0.6087,0.6081,0.5256,0.7486,0.784,0.836,0.9151,0.9483,0.9514,0.9393,0.9868,0.9766,0.3008,0.2748,0.2729,0.2703,0.227,0.1975,0.1559,0.0969,0.1366,0.1343,0.0322,0.084,0.5625,0.3438,0.4375,0.5312,0.7812,0.8125,0.9375,0.9375,0.9688,0.9062,1.0,0.9375
shape-free,hc_context_drift,12,6,hc_context_drift_p2,1,late,100,0.1147,0.0574,0.3289,0.283,0.3692,0.2648,0.2837,0.3117,0.4211,0.3748,0.5053,0.5904,0.5831,0.6754,0.319,0.2758,0.3151,0.2637,0.3015,0.3093,0.3338,0.3333,0.3656,0.3503,0.3624,0.3646,0.3125,0.6562,0.8125,0.8125,0.8438,0.9062,0.9688,1.0,0.9688,1.0,1.0,1.0
shape-free,hc_context_drift,13,6,hc_context_drift_p2,0,late,70,0.0578,0.0289,0.667,0.7392,0.6691,0.8238,0.8584,0.9138,0.9443,0.9786,0.9741,0.9731,0.9984,0.9878,0.3193,0.2825,0.3004,0.244,0.2212,0.1576,0.1562,0.0528,0.0925,0.0678,0.0075,0.0601,0.3125,0.6562,0.8125,0.8125,0.8438,0.9062,0.9688,1.0,0.9688,1.0,1.0,1.0
shape-free,hc_context_drift,14,7,hc_context_drift_p2,1,late,90,0.0997,0.0498,0.4203,0.4175,0.5246,0.4174,0.4056,0.4823,0.5208,0.4989,0.5962,0.6427,0.6511,0.6889,0.291,0.2575,0.2655,0.2579,0.2822,0.286,0.2479,0.2907,0.3131,0.2805,0.3133,0.2976,0.4062,0.5625,0.6562,0.6875,0.8438,0.9062,0.9375,0.9375,1.0,0.9688,1.0,0.9688
shape-free,hc_context_drift,15,7,hc_context_drift_p2,0,late,70,0.0661,0.033,0.5797,0.6094,0.5061,0.6875,0.7709,0.7927,0.9029,0.9319,0.9401,0.9315,0.9647,0.9679,0.2946,0.2631,0.27,0.2667,0.2523,0.2249,0.1379,0.102,0.1425,0.1376,0.0752,0.075,0.4062,0.5625,0.6562,0.6875,0.8438,0.9062,0.9375,0.9375,1.0,0.9688,1.0,0.9688
shape-free,hc_context_drift,16,8,hc_context_drift_p0,1,late,70,0.07,0.035,0.414,0.4971,0.5876,0.5983,0.6467,0.7274,0.8584,0.852,0.909,0.8821,0.9183,0.9214,0.2558,0.2433,0.21,0.2622,0.2695,0.2232,0.179,0.1684,0.113,0.166,0.137,0.147,0.125,0.375,0.4688,0.625,0.7188,0.8438,0.9062,0.9688,0.9688,1.0,1.0,1.0
shape-free,hc_context_drift,17,8,hc_context_drift_p0,0,late,90,0.0813,0.0406,0.5731,0.5184,0.446,0.553,0.5754,0.6062,0.7084,0.7486,0.8197,0.8626,0.8673,0.8972,0.2577,0.2623,0.2469,0.2695,0.2958,0.2809,0.2698,0.238,0.2292,0.147,0.1331,0.128,0.125,0.375,0.4688,0.625,0.7188,0.8438,0.9062,0.9688,0.9688,1.0,1.0,1.0
shape-free,hc_context_drift,18,9,hc_context_drift_p3,1,late,80,0.0611,0.0306,0.5855,0.6244,0.578,0.6972,0.8244,0.8201,0.9129,0.9604,0.9765,0.9897,0.9813,0.9779,0.2311,0.2612,0.2518,0.2566,0.2253,0.2386,0.2094,0.0872,0.1082,0.041,0.0749,0.0898,0.2188,0.2188,0.375,0.5312,0.6875,0.875,0.9688,1.0,1.0,1.0,1.0,1.0
shape-free,hc_context_drift,19,9,hc_context_drift_p3,0,late,90,0.0764,0.0382,0.4035,0.3748,0.4512,0.4857,0.5464,0.6571,0.8162,0.7879,0.8652,0.8552,0.9013,0.9091,0.2301,0.2663,0.2468,0.2866,0.2914,0.2679,0.2094,0.2144,0.1565,0.1844,0.1233,0.1176,0.2188,0.2188,0.375,0.5312,0.6875,0.875,0.9688,1.0,1.0,1.0,1.0,1.0
shape-free,hc_context_drift,20,10,hc_context_drift_p2,1,late,80,0.0634,0.0317,0.5897,0.6129,0.6616,0.6053,0.7428,0.8131,0.9069,0.9359,0.9518,0.9826,0.9878,0.9916,0.2524,0.2789,0.2598,0.2688,0.2676,0.2338,0.2133,0.1371,0.1332,0.0462,0.0301,0.0313,0.5,0.625,0.6875,0.75,1.0,0.9062,0.9688,0.9688,1.0,0.9688,1.0,1.0
shape-free,hc_context_drift,21,10,hc_context_drift_p2,0,late,110,0.0914,0.0457,0.4114,0.4009,0.3895,0.5646,0.5345,0.5151,0.7245,0.7154,0.7909,0.7463,0.7748,0.8409,0.2535,0.2821,0.2638,0.2508,0.286,0.2912,0.2744,0.2756,0.2131,0.2734,0.2262,0.2129,0.5,0.625,0.6875,0.75,1.0,0.9062,0.9688,0.9688,1.0,0.9688,1.0,1.0
shape-free,hc_context_drift,22,11,hc_context_drift_p2,1,late,90,0.0684,0.0342,0.4923,0.4418,0.5578,0.5915,0.7358,0.7953,0.9124,0.8938,0.9356,0.9607,0.9662,0.9841,0.2991,0.3055,0.2764,0.2809,0.2873,0.2202,0.1627,0.1642,0.1249,0.0953,0.0734,0.0301,0.375,0.4688,0.5,0.5312,0.75,0.9062,0.9688,0.9688,1.0,0.9688,0.9688,1.0
shape-free,hc_context_drift,23,11,hc_context_drift_p2,0,late,90,0.0954,0.0477,0.5035,0.5678,0.4784,0.5503,0.5309,0.5627,0.7194,0.7668,0.8194,0.7825,0.7953,0.8779,0.3003,0.3167,0.2707,0.2962,0.3296,0.2801,0.2609,0.2642,0.1995,0.2617,0.2481,0.2088,0.375,0.4688,0.5,0.5312,0.75,0.9062,0.9688,0.9688,1.0,0.9688,0.9688,1.0
shape-free,hc_context_drift,24,12,hc_context_drift_p2,1,late,100,0.0877,0.0439,0.5137,0.496,0.5741,0.5478,0.6477,0.6978,0.7461,0.7049,0.7416,0.8141,0.8668,0.8322,0.2976,0.3115,0.2801,0.2617,0.2752,0.2644,0.2201,0.2282,0.2656,0.194,0.1564,0.2228,0.1875,0.3438,0.375,0.5625,0.5625,0.7188,0.875,0.875,0.9688,0.9375,1.0,0.9688
shape-free,hc_context_drift,25,12,hc_context_drift_p2,0,late,90,0.0933,0.0467,0.4737,0.5166,0.4336,0.5296,0.5519,0.5886,0.7619,0.7901,0.8642,0.8189,0.8431,0.9074,0.3008,0.3177,0.2778,0.3041,0.3201,0.2992,0.2494,0.2641,0.1857,0.2595,0.2094,0.1802,0.1875,0.3438,0.375,0.5625,0.5625,0.7188,0.875,0.875,0.9688,0.9375,1.0,0.9688
shape-free,hc_context_drift,26,13,hc_context_drift_p1,1,late,80,0.0793,0.0397,0.3504,0.2452,0.2713,0.4357,0.6242,0.6683,0.8845,0.9008,0.9652,0.9699,0.9707,0.9641,0.2802,0.2057,0.2447,0.3604,0.3738,0.318,0.2118,0.2189,0.1273,0.0991,0.1072,0.1444,0.4688,0.4688,0.6562,0.5938,0.875,0.9375,0.9688,1.0,1.0,1.0,1.0,1.0
shape-free,hc_context_drift,27,13,hc_context_drift_p1,0,late,90,0.0523,0.0262,0.6472,0.7676,0.7796,0.7859,0.8088,0.8727,0.914,0.9093,0.9481,0.9428,0.9718,0.9737,0.2734,0.1935,0.2215,0.2363,0.1863,0.143,0.1284,0.1231,0.0833,0.0885,0.0528,0.0456,0.4688,0.4688,0.6562,0.5938,0.875,0.9375,0.9688,1.0,1.0,1.0,1.0,1.0
shape-free,hc_context_drift,28,14,hc_context_drift_p1,1,late,70,0.077,0.0385,0.5382,0.4454,0.4736,0.5217,0.6192,0.668,0.8758,0.8628,0.9291,0.9322,0.9343,0.9357,0.2672,0.2492,0.2767,0.2918,0.2627,0.2752,0.1887,0.1878,0.1327,0.1295,0.1543,0.1979,0.6875,0.6562,0.5625,0.75,0.7812,0.9062,0.9375,0.9375,1.0,1.0,1.0,1.0
shape-free,hc_context_drift,29,14,hc_context_drift_p1,0,late,110,0.0767,0.0384,0.4713,0.5723,0.5594,0.6397,0.6448,0.7126,0.7774,0.787,0.8774,0.8628,0.9169,0.9398,0.2695,0.257,0.2797,0.2443,0.264,0.2795,0.2347,0.2461,0.1486,0.1795,0.1168,0.085,0.6875,0.6562,0.5625,0.75,0.7812,0.9062,0.9375,0.9375,1.0,1.0,1.0,1.0
shape-free,hc_context_drift,30,15,hc_context_drift_p1,1,late,70,0.0692,0.0346,0.5556,0.4481,0.4955,0.5524,0.6836,0.7779,0.9241,0.9323,0.9646,0.9725,0.9736,0.957,0.2826,0.2594,0.2859,0.3267,0.2649,0.2451,0.1529,0.1155,0.106,0.0619,0.0771,0.1696,0.1875,0.5625,0.5625,0.75,0.8125,0.9062,0.9375,1.0,1.0,1.0,1.0,1.0
shape-free,hc_context_drift,31,15,hc_context_drift_p1,0,late,110,0.0897,0.0449,0.4296,0.573,0.5536,0.605,0.5889,0.6153,0.7212,0.715,0.8139,0.7911,0.8607,0.8967,0.2836,0.2733,0.2862,0.2879,0.2861,0.3143,0.2605,0.2815,0.2027,0.255,0.1697,0.1442,0.1875,0.5625,0.5625,0.75,0.8125,0.9062,0.9375,1.0,1.0,1.0,1.0,1.0
shape-free,hc_context_drift,32,16,hc_context_drift_p0,1,late,70,0.0678,0.0339,0.5725,0.6158,0.6437,0.6637,0.7887,0.8178,0.9359,0.9613,0.9668,0.9834,0.9776,0.9718,0.2891,0.2858,0.2962,0.2983,0.2475,0.2217,0.1601,0.1037,0.1243,0.0696,0.0808,0.1229,0.25,0.5312,0.5938,0.6875,0.8125,0.9375,0.9688,0.9688,1.0,1.0,1.0,1.0
shape-free,hc_context_drift,33,16,hc_context_drift_p0,0,late,90,0.0797,0.0399,0.424,0.3885,0.4087,0.5333,0.5598,0.66,0.8073,0.7655,0.8892,0.881,0.9141,0.9185,0.2937,0.2869,0.3254,0.2926,0.2884,0.2683,0.2199,0.2513,0.1069,0.1335,0.1298,0.1099,0.25,0.5312,0.5938,0.6875,0.8125,0.9375,0.9688,0.9688,1.0,1.0,1.0,1.0
shape-free,hc_context_drift,34,17,hc_context_drift_p0,1,late,70,0.0469,0.0234,0.7044,0.7806,0.7788,0.7991,0.8618,0.8773,0.9494,0.961,0.9861,0.9813,0.9887,0.9739,0.2414,0.2261,0.203,0.2094,0.147,0.1559,0.0961,0.0746,0.0458,0.0407,0.0409,0.1103,0.3125,0.4688,0.4375,0.6875,0.6562,0.875,0.9688,0.9688,1.0,1.0,1.0,1.0
shape-free,hc_context_drift,35,17,hc_context_drift_p0,0,late,90,0.0881,0.044,0.2869,0.2254,0.2614,0.3531,0.3726,0.4807,0.6783,0.6595,0.7795,0.7746,0.8186,0.8615,0.237,0.234,0.2581,0.2814,0.2954,0.3048,0.2703,0.2742,0.2179,0.2379,0.2156,0.1636,0.3125,0.4688,0.4375,0.6875,0.6562,0.875,0.9688,0.9688,1.0,1.0,1.0,1.0
shape-free,hc_context_drift,36,18,hc_context_drift_p0,1,late,70,0.0529,0.0265,0.751,0.7775,0.7912,0.7927,0.7864,0.8175,0.8866,0.9085,0.9117,0.9185,0.9457,0.9304,0.2023,0.185,0.171,0.1188,0.1753,0.1484,0.1503,0.1316,0.1302,0.126,0.1006,0.1571,0.5,0.8125,0.9375,0.7812,0.9062,0.9688,1.0,1.0,1.0,1.0,1.0,1.0
shape-free,hc_context_drift,37,18,hc_context_drift_p0,0,late,90,0.0774,0.0387,0.2497,0.2434,0.2539,0.3579,0.4694,0.5354,0.7341,0.7088,0.8438,0.8447,0.8591,0.9112,0.1987,0.2034,0.2033,0.2425,0.2876,0.2908,0.2602,0.2875,0.1603,0.1743,0.2107,0.1068,0.5,0.8125,0.9375,0.7812,0.9062,0.9688,1.0,1.0,1.0,1.0,1.0,1.0
shape-free,hc_context_drift,38,19,hc_context_drift_p3,1,late,90,0.0854,0.0427,0.6724,0.5575,0.6608,0.6434,0.6746,0.7187,0.6619,0.7163,0.7553,0.841,0.8273,0.8309,0.2649,0.2794,0.3348,0.2795,0.2714,0.2385,0.2426,0.2492,0.2198,0.1999,0.1661,0.1521,0.2812,0.3438,0.1562,0.5312,0.625,0.75,0.8125,0.9062,0.9688,0.9375,0.9688,1.0
shape-free,hc_context_drift,39,19,hc_context_drift_p3,0,late,110,0.0865,0.0433,0.3236,0.4423,0.3504,0.472,0.5076,0.5678,0.817,0.7693,0.8425,0.8041,0.8761,0.9043,0.2678,0.284,0.3277,0.3128,0.3119,0.2925,0.1965,0.237,0.1785,0.2114,0.1665,0.1495,0.2812,0.3438,0.1562,0.5312,0.625,0.75,0.8125,0.9062,0.9688,0.9375,0.9688,1.0
shape-free,hc_context_drift,40,20,hc_context_drift_p3,1,late,90,0.0761,0.0381,0.5491,0.5364,0.6492,0.6327,0.7334,0.8254,0.852,0.8874,0.9356,0.9456,0.9662,0.9739,0.3175,0.2734,0.3552,0.3121,0.3054,0.1859,0.2399,0.203,0.1416,0.1076,0.0662,0.0763,0.1875,0.3438,0.3125,0.625,0.6875,0.7812,0.9062,1.0,1.0,1.0,1.0,1.0
shape-free,hc_context_drift,41,20,hc_context_drift_p3,0,late,110,0.0952,0.0476,0.4369,0.4657,0.3623,0.5118,0.4723,0.465,0.7171,0.6753,0.7542,0.7305,0.787,0.8296,0.3173,0.2842,0.3497,0.2937,0.3299,0.3086,0.2505,0.2633,0.1948,0.2507,0.2014,0.1861,0.1875,0.3438,0.3125,0.625,0.6875,0.7812,0.9062,1.0,1.0,1.0,1.0,1.0
shape-free,hc_context_drift,42,21,hc_context_drift_p1,1,late,90,0.0814,0.0407,0.4035,0.4245,0.3832,0.4509,0.5274,0.5876,0.828,0.8502,0.9332,0.9182,0.9438,0.943,0.2728,0.2744,0.2686,0.2617,0.2805,0.2836,0.2664,0.2318,0.138,0.1731,0.1258,0.1875,0.1875,0.5,0.625,0.625,0.8125,0.9062,1.0,0.9688,1.0,1.0,1.0,1.0
shape-free,hc_context_drift,43,21,hc_context_drift_p1,0,late,90,0.0594,0.0297,0.5852,0.5912,0.6838,0.73,0.7753,0.8305,0.8921,0.8914,0.9222,0.9232,0.9372,0.9646,0.2788,0.2849,0.2477,0.1715,0.2073,0.1636,0.1348,0.1215,0.1076,0.1353,0.1077,0.0554,0.1875,0.5,0.625,0.625,0.8125,0.9062,1.0,0.9688,1.0,1.0,1.0,1.0
shape-free,hc_context_drift,44,22,hc_context_drift_p1,1,late,80,0.06,0.03,0.5267,0.5725,0.53,0.6368,0.7262,0.7639,0.8868,0.9133,0.9638,0.946,0.9702,0.9562,0.2822,0.264,0.2471,0.2093,0.2129,0.2,0.1654,0.1349,0.0506,0.082,0.0618,0.1253,0.1875,0.375,0.4062,0.5312,0.625,0.8438,0.9062,0.9688,0.9688,1.0,1.0,1.0
shape-free,hc_context_drift,45,22,hc_context_drift_p1,0,late,110,0.0856,0.0428,0.4631,0.4464,0.5126,0.5055,0.5168,0.6,0.7513,0.7328,0.7932,0.8144,0.8553,0.9042,0.2818,0.2815,0.2552,0.2403,0.3198,0.2772,0.2398,0.2497,0.2027,0.2359,0.1768,0.1431,0.1875,0.375,0.4062,0.5312,0.625,0.8438,0.9062,0.9688,0.9688,1.0,1.0,1.0
shape-free,hc_context_drift,46,23,hc_context_drift_p3,1,late,90,0.0923,0.0461,0.5807,0.4172,0.5226,0.5675,0.5491,0.5833,0.6585,0.684,0.7458,0.7642,0.7569,0.8148,0.2265,0.2655,0.2462,0.2502,0.2611,0.2526,0.264,0.3063,0.2689,0.2533,0.2791,0.2576,0.4688,0.4375,0.5625,0.6562,0.8125,0.9062,0.9062,0.9688,0.9688,1.0,1.0,1.0
shape-free,hc_context_drift,47,23,hc_context_drift_p3,0,late,90,0.0644,0.0322,0.4201,0.5946,0.5071,0.5773,0.6959,0.7382,0.905,0.8918,0.9444,0.9335,0.9712,0.9765,0.2262,0.2672,0.2424,0.2974,0.2952,0.2369,0.1611,0.1324,0.0932,0.1308,0.0472,0.0548,0.4688,0.4375,0.5625,0.6562,0.8125,0.9062,0.9062,0.9688,0.9688,1.0,1.0,1.0
shape-free,hc_context_drift,48,24,hc_context_drift_p3,1,late,70,0.0709,0.0355,0.6981,0.5316,0.6427,0.6811,0.6716,0.732,0.8123,0.8317,0.8484,0.866,0.8988,0.8705,0.2143,0.241,0.2245,0.1993,0.252,0.2149,0.1689,0.1766,0.1706,0.1713,0.1674,0.2063,0.4062,0.5,0.6875,0.6875,0.7812,0.8438,0.9375,0.9688,0.9688,1.0,1.0,1.0
shape-free,hc_context_drift,49,24,hc_context_drift_p3,0,late,90,0.0803,0.0401,0.2961,0.4873,0.3916,0.4845,0.5794,0.5836,0.792,0.7901,0.8813,0.8666,0.9043,0.9433,0.2125,0.2424,0.2323,0.3067,0.3265,0.2933,0.2468,0.242,0.1521,0.1807,0.1598,0.1304,0.4062,0.5,0.6875,0.6875,0.7812,0.8438,0.9375,0.9688,0.9688,1.0,1.0,1.0
shape-free,hc_context_drift,50,25,hc_context_drift_p3,1,late,80,0.0833,0.0417,0.6024,0.5445,0.5826,0.6279,0.6595,0.7014,0.8446,0.8689,0.9386,0.9203,0.9265,0.9444,0.2773,0.2912,0.2972,0.2818,0.3,0.3088,0.249,0.2411,0.0972,0.1689,0.149,0.1672,0.1875,0.1562,0.25,0.5,0.7188,0.875,0.9688,0.9375,1.0,1.0,1.0,1.0
shape-free,hc_context_drift,51,25,hc_context_drift_p3,0,late,90,0.0848,0.0424,0.3903,0.4539,0.4551,0.5356,0.6408,0.6756,0.88,0.8592,0.9264,0.9025,0.9409,0.9678,0.2768,0.3039,0.3121,0.3354,0.3537,0.3331,0.2162,0.2407,0.15,0.1858,0.0977,0.0721,0.1875,0.1562,0.25,0.5,0.7188,0.875,0.9688,0.9375,1.0,1.0,1.0,1.0
shape-free,hc_context_drift,52,26,hc_context_drift_p3,1,late,100,0.1132,0.0566,0.3286,0.2949,0.3431,0.3115,0.4291,0.4294,0.638,0.6633,0.7287,0.7626,0.7751,0.855,0.2838,0.2319,0.2716,0.3082,0.3214,0.3547,0.3651,0.3804,0.3467,0.3597,0.3342,0.2854,0.8125,0.875,0.9688,0.9375,1.0,0.9688,1.0,0.9688,1.0,1.0,1.0,1.0
shape-free,hc_context_drift,53,26,hc_context_drift_p3,0,late,70,0.0535,0.0267,0.6775,0.7276,0.6936,0.8344,0.8309,0.8703,0.9631,0.9644,0.9899,0.9861,0.9939,0.9845,0.2851,0.2348,0.2816,0.2405,0.2288,0.2429,0.081,0.0945,0.0225,0.0357,0.015,0.0534,0.8125,0.875,0.9688,0.9375,1.0,0.9688,1.0,0.9688,1.0,1.0,1.0,1.0
shape-free,hc_context_drift,54,27,hc_context_drift_p3,1,late,100,0.1043,0.0522,0.4072,0.327,0.3795,0.3117,0.3937,0.3969,0.4193,0.4164,0.4745,0.5425,0.5743,0.6353,0.2782,0.2151,0.2671,0.2633,0.2752,0.3619,0.286,0.2951,0.2788,0.3432,0.3211,0.3563,0.625,0.7188,0.7188,0.7812,0.9062,0.9062,0.9688,0.9688,1.0,0.9688,1.0,1.0
shape-free,hc_context_drift,55,27,hc_context_drift_p3,0,late,80,0.0656,0.0328,0.5963,0.696,0.6401,0.7521,0.7877,0.7888,0.8967,0.9248,0.9638,0.9687,0.9676,0.9768,0.277,0.2198,0.2765,0.2905,0.2264,0.3093,0.1968,0.1365,0.059,0.0755,0.0757,0.0848,0.625,0.7188,0.7188,0.7812,0.9062,0.9062,0.9688,0.9688,1.0,0.9688,1.0,1.0
shape-free,hc_context_drift,56,28,hc_context_drift_p2,1,late,80,0.072,0.036,0.5562,0.4723,0.5538,0.616,0.6479,0.7202,0.8872,0.9045,0.9633,0.9483,0.9673,0.9596,0.2502,0.3049,0.2979,0.2635,0.2621,0.2432,0.203,0.1644,0.0929,0.1404,0.0841,0.1354,0.375,0.2812,0.5,0.4375,0.8438,0.9375,0.9688,1.0,1.0,1.0,1.0,1.0
shape-free,hc_context_drift,57,28,hc_context_drift_p2,0,late,90,0.074,0.037,0.4431,0.5358,0.4878,0.5675,0.713,0.7455,0.8724,0.862,0.9216,0.9233,0.9449,0.9609,0.2504,0.3178,0.2913,0.2885,0.2847,0.2359,0.214,0.2265,0.1398,0.1084,0.0875,0.0687,0.375,0.2812,0.5,0.4375,0.8438,0.9375,0.9688,1.0,1.0,1.0,1.0,1.0
shape-free,hc_context_drift,58,29,hc_context_drift_p2,1,late,90,0.0775,0.0387,0.4594,0.4323,0.477,0.535,0.5524,0.6569,0.8334,0.8476,0.9138,0.9249,0.9596,0.9367,0.2289,0.2906,0.2777,0.2341,0.2763,0.2794,0.2464,0.2079,0.1481,0.1556,0.0938,0.1902,0.1875,0.5312,0.7188,0.6875,0.875,0.9688,0.9375,1.0,1.0,1.0,1.0,1.0
shape-free,hc_context_drift,59,29,hc_context_drift_p2,0,late,90,0.0609,0.0304,0.5325,0.5915,0.5868,0.669,0.7668,0.8296,0.9203,0.9088,0.9468,0.9468,0.9792,0.9763,0.2365,0.2992,0.2715,0.2387,0.2421,0.1703,0.1789,0.1488,0.1162,0.0845,0.0315,0.0484,0.1875,0.5312,0.7188,0.6875,0.875,0.9688,0.9375,1.0,1.0,1.0,1.0,1.0
shape-free,hc_context_drift,60,30,hc_context_drift_p2,1,late,90,0.0809,0.0404,0.543,0.5061,0.5602,0.5728,0.5976,0.662,0.8157,0.8209,0.9008,0.8996,0.9228,0.9372,0.2737,0.3119,0.2986,0.2364,0.2431,0.2627,0.2493,0.2182,0.1416,0.1751,0.1676,0.1671,0.1875,0.6562,0.6875,0.6875,0.875,0.9688,0.9688,0.9688,1.0,1.0,1.0,1.0
shape-free,hc_context_drift,61,30,hc_context_drift_p2,0,late,90,0.0715,0.0358,0.4543,0.5246,0.5016,0.6047,0.6976,0.7482,0.8787,0.8785,0.9257,0.9298,0.9625,0.966,0.2794,0.3239,0.3043,0.2545,0.2684,0.2187,0.209,0.207,0.1471,0.1001,0.0498,0.065,0.1875,0.6562,0.6875,0.6875,0.875,0.9688,0.9688,0.9688,1.0,1.0,1.0,1.0
shape-free,hc_context_drift,62,31,hc_context_drift_p2,1,late,70,0.0865,0.0433,0.3433,0.3877,0.4062,0.518,0.6142,0.674,0.8922,0.9193,0.9766,0.9778,0.9547,0.9755,0.3423,0.2769,0.3245,0.3169,0.3864,0.3562,0.2506,0.2187,0.1066,0.0911,0.1466,0.1195,0.6562,0.4688,0.625,0.6875,0.875,0.9375,0.9688,0.9375,1.0,1.0,1.0,1.0
shape-free,hc_context_drift,63,31,hc_context_drift_p2,0,late,90,0.0665,0.0332,0.6575,0.6223,0.6409,0.6935,0.8404,0.8273,0.9117,0.903,0.9441,0.9597,0.9742,0.9747,0.3416,0.2797,0.304,0.2547,0.2257,0.2325,0.1689,0.1779,0.1179,0.0775,0.0366,0.0388,0.6562,0.4688,0.625,0.6875,0.875,0.9375,0.9688,0.9375,1.0,1.0,1.0,1.0
shape-free,hc_context_drift,64,32,hc_context_drift_p2,1,late,90,0.0857,0.0429,0.4823,0.4201,0.4515,0.5108,0.463,0.6108,0.8106,0.7716,0.898,0.8742,0.9022,0.9468,0.2973,0.2421,0.2571,0.2715,0.2842,0.3058,0.2427,0.2782,0.1721,0.2112,0.1962,0.1517,0.4062,0.6875,0.5625,0.6875,0.8438,0.9375,0.9688,1.0,1.0,1.0,1.0,1.0
shape-free,hc_context_drift,65,32,hc_context_drift_p2,0,late,70,0.0665,0.0332,0.5197,0.6063,0.5801,0.674,0.8038,0.7622,0.9088,0.9175,0.9207,0.9468,0.9633,0.9576,0.304,0.2482,0.2506,0.2397,0.2298,0.2901,0.1426,0.1414,0.1729,0.0821,0.0583,0.0958,0.4062,0.6875,0.5625,0.6875,0.8438,0.9375,0.9688,1.0,1.0,1.0,1.0,1.0
shape-free,hc_context_drift,66,33,hc_context_drift_p2,1,late,80,0.0607,0.0304,0.6746,0.6964,0.5957,0.7171,0.7772,0.8059,0.8945,0.9269,0.9502,0.9783,0.9919,0.9752,0.2463,0.1913,0.2416,0.2454,0.216,0.2604,0.1909,0.1464,0.1481,0.0522,0.0177,0.1051,0.2188,0.1562,0.3438,0.5625,0.8125,0.9062,0.9688,1.0,1.0,1.0,1.0,1.0
shape-free,hc_context_drift,67,33,hc_context_drift_p2,0,late,90,0.0747,0.0374,0.3206,0.3048,0.4435,0.463,0.5706,0.6242,0.8649,0.8102,0.9158,0.8826,0.9108,0.9417,0.2425,0.2003,0.2445,0.2943,0.3139,0.3349,0.165,0.236,0.0827,0.1809,0.143,0.0979,0.2188,0.1562,0.3438,0.5625,0.8125,0.9062,0.9688,1.0,1.0,1.0,1.0,1.0
shape-free,hc_context_drift,68,34,hc_context_drift_p2,1,late,110,0.0657,0.0329,0.6366,0.6959,0.6136,0.7014,0.7353,0.775,0.7911,0.8507,0.8803,0.8869,0.9509,0.9555,0.2428,0.2137,0.2396,0.2568,0.2141,0.248,0.2004,0.1534,0.1527,0.1391,0.082,0.0888,0.2188,0.4062,0.5,0.5938,0.8125,0.8438,0.9688,1.0,0.9688,1.0,1.0,1.0
shape-free,hc_context_drift,69,34,hc_context_drift_p2,0,late,90,0.0802,0.0401,0.357,0.3064,0.4122,0.4475,0.5014,0.5631,0.8115,0.7445,0.8552,0.836,0.8484,0.8855,0.2381,0.2171,0.2446,0.296,0.3091,0.3275,0.1722,0.2463,0.1267,0.1999,0.1825,0.1628,0.2188,0.4062,0.5,0.5938,0.8125,0.8438,0.9688,1.0,0.9688,1.0,1.0,1.0
shape-free,hc_context_drift,70,35,hc_context_drift_p2,1,late,80,0.0557,0.0278,0.6216,0.6761,0.5644,0.6896,0.8217,0.8323,0.9148,0.9446,0.9812,0.9961,0.9979,0.9931,0.2497,0.2188,0.2523,0.2573,0.2153,0.2655,0.1712,0.1465,0.0646,0.011,0.0067,0.0311,0.5938,0.5938,0.75,0.9062,0.9375,0.9688,1.0,1.0,1.0,1.0,1.0,1.0
shape-free,hc_context_drift,71,35,hc_context_drift_p2,0,late,90,0.0773,0.0387,0.386,0.3505,0.4976,0.5351,0.563,0.6071,0.8513,0.7864,0.9006,0.8571,0.8808,0.9108,0.2501,0.2272,0.2441,0.2819,0.3144,0.3262,0.1679,0.2398,0.087,0.1923,0.1688,0.124,0.5938,0.5938,0.75,0.9062,0.9375,0.9688,1.0,1.0,1.0,1.0,1.0,1.0
shape-free,hc_context_drift,72,36,hc_context_drift_p1,1,late,90,0.0985,0.0492,0.4177,0.4431,0.5209,0.6024,0.6585,0.6016,0.8632,0.8001,0.9141,0.9,0.8831,0.943,0.3211,0.326,0.3906,0.3444,0.3232,0.3107,0.2264,0.321,0.1848,0.2056,0.2271,0.1618,0.2812,0.5,0.5625,0.6875,0.8438,0.9375,0.9375,1.0,0.9688,1.0,1.0,1.0
shape-free,hc_context_drift,73,36,hc_context_drift_p1,0,late,80,0.0911,0.0456,0.5804,0.578,0.5359,0.5536,0.6163,0.7742,0.7937,0.8806,0.9021,0.9127,0.9609,0.9601,0.3168,0.3274,0.3852,0.3596,0.379,0.254,0.3252,0.1612,0.1984,0.1926,0.1121,0.082,0.2812,0.5,0.5625,0.6875,0.8438,0.9375,0.9375,1.0,0.9688,1.0,1.0,1.0
shape-free,hc_context_drift,74,37,hc_context_drift_p1,1,late,70,0.0616,0.0308,0.5006,0.5285,0.6493,0.6994,0.7953,0.8222,0.9799,0.9336,0.9908,0.9945,0.9986,0.9908,0.286,0.3135,0.332,0.2884,0.271,0.2448,0.0801,0.1651,0.0482,0.0225,0.0057,0.0348,0.2188,0.4688,0.5938,0.6875,0.7812,0.9062,0.9375,1.0,1.0,1.0,1.0,1.0
shape-free,hc_context_drift,75,37,hc_context_drift_p1,0,late,90,0.0962,0.0481,0.4952,0.495,0.3992,0.4647,0.5329,0.6424,0.6825,0.7748,0.8117,0.8067,0.8977,0.8938,0.2775,0.3295,0.3418,0.3597,0.3695,0.2979,0.3374,0.1785,0.2257,0.2289,0.1653,0.1525,0.2188,0.4688,0.5938,0.6875,0.7812,0.9062,0.9375,1.0,1.0,1.0,1.0,1.0
shape-free,hc_context_drift,76,38,hc_context_drift_p2,1,late,90,0.0678,0.0339,0.4193,0.553,0.6007,0.7113,0.708,0.755,0.86,0.8958,0.9137,0.9365,0.9517,0.9778,0.2327,0.2427,0.2227,0.253,0.2645,0.2119,0.2189,0.1699,0.1859,0.1182,0.1276,0.0536,0.375,0.3125,0.4375,0.5938,0.875,0.9062,0.9688,0.9688,1.0,1.0,1.0,1.0
shape-free,hc_context_drift,77,38,hc_context_drift_p2,0,late,90,0.0775,0.0388,0.577,0.4562,0.4349,0.4507,0.5839,0.6427,0.8078,0.7978,0.8919,0.8901,0.8984,0.9158,0.2384,0.2537,0.2277,0.3009,0.2963,0.2855,0.2011,0.2191,0.1518,0.1638,0.1425,0.1511,0.375,0.3125,0.4375,0.5938,0.875,0.9062,0.9688,0.9688,1.0,1.0,1.0,1.0
shape-free,hc_context_drift,78,39,hc_context_drift_p2,1,late,110,0.0697,0.0349,0.4774,0.6224,0.607,0.7331,0.7125,0.7846,0.8272,0.8668,0.8744,0.8792,0.9501,0.957,0.2415,0.2482,0.2179,0.2464,0.2643,0.1908,0.233,0.1945,0.1869,0.1728,0.0946,0.0756,0.125,0.625,0.6875,0.7188,0.9062,0.9062,0.9375,1.0,1.0,1.0,1.0,1.0
shape-free,hc_context_drift,79,39,hc_context_drift_p2,0,late,90,0.0803,0.0401,0.5069,0.3935,0.4444,0.4435,0.5474,0.5833,0.7875,0.7854,0.8808,0.8855,0.8897,0.9016,0.2476,0.255,0.2363,0.3027,0.3041,0.3078,0.2389,0.2116,0.1476,0.1538,0.1575,0.162,0.125,0.625,0.6875,0.7188,0.9062,0.9062,0.9375,1.0,1.0,1.0,1.0,1.0
shape-free,hc_context_drift,80,40,hc_context_drift_p3,1,late,70,0.0716,0.0358,0.5314,0.6115,0.6084,0.6434,0.7938,0.7896,0.9132,0.9475,0.9852,0.9878,0.9857,0.9688,0.2739,0.3215,0.2846,0.3289,0.2607,0.2812,0.2348,0.1272,0.0509,0.0551,0.0499,0.1598,0.75,0.7188,0.7188,0.8125,0.9375,0.9375,0.9688,1.0,1.0,1.0,1.0,1.0
shape-free,hc_context_drift,81,40,hc_context_drift_p3,0,late,90,0.0871,0.0435,0.4734,0.4019,0.4319,0.5659,0.6079,0.7046,0.8094,0.7254,0.8415,0.8839,0.8835,0.9093,0.2712,0.3235,0.2978,0.3449,0.3112,0.298,0.2305,0.232,0.1701,0.1858,0.1565,0.1331,0.75,0.7188,0.7188,0.8125,0.9375,0.9375,0.9688,1.0,1.0,1.0,1.0,1.0
shape-free,hc_context_drift,82,41,hc_context_drift_p3,1,late,70,0.065,0.0325,0.5251,0.5871,0.6099,0.6583,0.7188,0.8465,0.8974,0.9246,0.9409,0.9274,0.9567,0.9539,0.2533,0.2758,0.2693,0.2299,0.2159,0.1681,0.1991,0.122,0.1521,0.1121,0.094,0.1146,0.25,0.2812,0.375,0.625,0.7812,0.875,0.9062,0.9375,1.0,1.0,1.0,1.0
shape-free,hc_context_drift,83,41,hc_context_drift_p3,0,late,90,0.0876,0.0438,0.4723,0.4117,0.4216,0.5119,0.5876,0.5124,0.7192,0.6769,0.8101,0.8553,0.8159,0.8945,0.2535,0.2825,0.2837,0.2594,0.2704,0.3375,0.2836,0.2814,0.2115,0.1611,0.2152,0.1346,0.25,0.2812,0.375,0.625,0.7812,0.875,0.9062,0.9375,1.0,1.0,1.0,1.0
shape-free,hc_context_drift,84,42,hc_context_drift_p3,1,late,80,0.0559,0.028,0.6364,0.6912,0.7097,0.7025,0.7395,0.8524,0.9021,0.9467,0.9502,0.9135,0.9749,0.9662,0.2361,0.2604,0.2293,0.2207,0.2095,0.1528,0.1598,0.0751,0.1015,0.1168,0.0685,0.0679,0.1562,0.2188,0.2188,0.5,0.6875,0.8125,0.9062,0.9375,1.0,1.0,1.0,1.0
shape-free,hc_context_drift,85,42,hc_context_drift_p3,0,late,100,0.0923,0.0461,0.3599,0.3099,0.3143,0.4528,0.5018,0.4755,0.6865,0.6314,0.7798,0.8313,0.7901,0.8748,0.2366,0.27,0.2637,0.2755,0.3072,0.3501,0.3052,0.3007,0.2166,0.182,0.2525,0.1718,0.1562,0.2188,0.2188,0.5,0.6875,0.8125,0.9062,0.9375,1.0,1.0,1.0,1.0
shape-free,hc_context_drift,86,43,hc_context_drift_p3,1,late,80,0.0732,0.0366,0.3723,0.5298,0.4947,0.586,0.6376,0.768,0.8657,0.9227,0.951,0.9657,0.9921,0.9678,0.2521,0.3077,0.2494,0.3127,0.2777,0.2606,0.2583,0.168,0.1591,0.082,0.0216,0.1351,0.2188,0.5,0.6562,0.7188,0.9062,0.9375,0.9688,1.0,1.0,1.0,1.0,1.0
shape-free,hc_context_drift,87,43,hc_context_drift_p3,0,late,90,0.0735,0.0368,0.6202,0.4979,0.5683,0.6245,0.7323,0.7168,0.8607,0.7755,0.8781,0.9211,0.8835,0.9396,0.2428,0.3132,0.2299,0.3143,0.2218,0.2637,0.166,0.195,0.1377,0.1508,0.1519,0.109,0.2188,0.5,0.6562,0.7188,0.9062,0.9375,0.9688,1.0,1.0,1.0,1.0,1.0
shape-free,hc_context_drift,88,44,hc_context_drift_p2,1,late,70,0.0579,0.0289,0.5058,0.5599,0.6914,0.6372,0.8183,0.8165,0.9396,0.943,0.9597,0.9399,0.9704,0.991,0.2647,0.276,0.2526,0.308,0.1859,0.2196,0.0901,0.0973,0.0719,0.1263,0.0542,0.0171,0.5938,0.6562,0.7812,0.6875,0.8438,0.9062,1.0,0.9688,1.0,1.0,1.0,0.9688
shape-free,hc_context_drift,89,44,hc_context_drift_p2,0,late,90,0.0945,0.0473,0.4981,0.4496,0.3526,0.4926,0.4277,0.5137,0.6364,0.6793,0.7419,0.7746,0.792,0.8251,0.2645,0.2813,0.2769,0.2967,0.2765,0.3277,0.2842,0.2888,0.2217,0.2364,0.2151,0.2388,0.5938,0.6562,0.7812,0.6875,0.8438,0.9062,1.0,0.9688,1.0,1.0,1.0,0.9688
shape-free,hc_context_drift,90,45,hc_context_drift_p2,1,late,110,0.0781,0.0391,0.3239,0.4531,0.5093,0.4828,0.6503,0.6171,0.7706,0.7601,0.7941,0.7961,0.8647,0.9037,0.2348,0.2538,0.2814,0.2945,0.2533,0.2575,0.1782,0.2162,0.182,0.2327,0.1445,0.122,0.4688,0.8125,0.8125,0.875,0.9062,0.9375,0.9375,0.9688,1.0,1.0,1.0,1.0
shape-free,hc_context_drift,91,45,hc_context_drift_p2,0,late,90,0.0829,0.0415,0.6765,0.5736,0.5296,0.663,0.5759,0.6778,0.7705,0.7821,0.8531,0.8626,0.8768,0.8761,0.237,0.2663,0.297,0.2679,0.2818,0.2735,0.2231,0.2473,0.159,0.2098,0.1471,0.204,0.4688,0.8125,0.8125,0.875,0.9062,0.9375,0.9375,0.9688,1.0,1.0,1.0,1.0
shape-free,hc_context_drift,92,46,hc_context_drift_p3,1,late,80,0.0955,0.0477,0.4755,0.4559,0.3512,0.4725,0.6765,0.5976,0.8359,0.8494,0.9059,0.8621,0.9059,0.9383,0.3349,0.2874,0.2814,0.3144,0.2847,0.3289,0.2847,0.2326,0.2159,0.2699,0.2059,0.2004,0.3125,0.2812,0.375,0.5,0.7188,0.8438,0.9688,0.9688,1.0,1.0,1.0,1.0
shape-free,hc_context_drift,93,46,hc_context_drift_p3,0,late,90,0.0634,0.0317,0.5182,0.5457,0.6885,0.7065,0.7274,0.855,0.912,0.905,0.9689,0.9865,0.9818,0.9831,0.329,0.2926,0.2632,0.2638,0.3153,0.1971,0.1593,0.1364,0.0571,0.0387,0.0348,0.0658,0.3125,0.2812,0.375,0.5,0.7188,0.8438,0.9688,0.9688,1.0,1.0,1.0,1.0
shape-free,hc_context_drift,94,47,hc_context_drift_p3,1,late,80,0.0695,0.0348,0.5673,0.4894,0.4309,0.5451,0.7706,0.7603,0.9005,0.9341,0.9523,0.9786,0.9628,0.99,0.2948,0.2682,0.291,0.3043,0.2593,0.2466,0.2261,0.1237,0.1308,0.0602,0.1144,0.0409,0.25,0.375,0.375,0.625,0.75,0.9062,0.9688,0.9688,1.0,1.0,1.0,1.0
shape-free,hc_context_drift,95,47,hc_context_drift_p3,0,late,90,0.0856,0.0428,0.4209,0.5118,0.6065,0.6234,0.5098,0.6487,0.7574,0.7099,0.8218,0.7682,0.8386,0.8412,0.2926,0.2697,0.2826,0.2659,0.3059,0.2569,0.2435,0.2338,0.1784,0.2456,0.1431,0.1872,0.25,0.375,0.375,0.625,0.75,0.9062,0.9688,0.9688,1.0,1.0,1.0,1.0
shape-free,hc_context_drift,96,48,hc_context_drift_p3,1,late,90,0.0951,0.0476,0.577,0.4027,0.3328,0.5868,0.4797,0.49,0.7833,0.7436,0.9101,0.8697,0.8964,0.9222,0.2804,0.241,0.2354,0.3102,0.318,0.3507,0.3017,0.3594,0.1628,0.2281,0.1992,0.2424,0.1875,0.4062,0.5,0.6562,0.8125,0.9688,0.9688,0.9688,1.0,1.0,1.0,1.0
shape-free,hc_context_drift,97,48,hc_context_drift_p3,0,late,70,0.061,0.0305,0.4093,0.6155,0.7025,0.5904,0.8125,0.866,0.9322,0.9555,0.9578,0.9691,0.99,0.9918,0.278,0.2453,0.2239,0.319,0.2519,0.2071,0.1831,0.1238,0.1294,0.0718,0.021,0.0162,0.1875,0.4062,0.5,0.6562,0.8125,0.9688,0.9688,0.9688,1.0,1.0,1.0,1.0
shape-free,hc_context_drift,98,49,hc_context_drift_p3,1,late,90,0.0851,0.0426,0.6218,0.5501,0.4066,0.6965,0.5939,0.6508,0.8222,0.741,0.9108,0.8943,0.918,0.9327,0.3083,0.2307,0.2309,0.2437,0.3186,0.3039,0.2503,0.3329,0.1529,0.1859,0.1495,0.1814,0.125,0.4375,0.5938,0.5938,0.8125,0.9062,0.9375,1.0,1.0,1.0,1.0,1.0
shape-free,hc_context_drift,99,49,hc_context_drift_p3,0,late,80,0.0768,0.0384,0.3687,0.4692,0.6308,0.4563,0.6645,0.7065,0.8626,0.9112,0.9222,0.9143,0.9575,0.9708,0.3071,0.2303,0.2306,0.3064,0.3142,0.3149,0.2213,0.1816,0.1623,0.1538,0.1329,0.0529,0.125,0.4375,0.5938,0.5938,0.8125,0.9062,0.9375,1.0,1.0,1.0,1.0,1.0
shape-free,hc_context_drift,100,50,hc_context_drift_p1,1,late,90,0.0804,0.0402,0.4404,0.4375,0.4325,0.5343,0.5699,0.6314,0.8452,0.8555,0.9204,0.9599,0.9398,0.956,0.2587,0.2587,0.2646,0.3143,0.312,0.3072,0.2555,0.2028,0.1518,0.0733,0.1644,0.1671,0.4062,0.3125,0.3125,0.5,0.75,0.9062,0.9688,0.9375,1.0,1.0,1.0,0.9688
shape-free,hc_context_drift,101,50,hc_context_drift_p1,0,late,70,0.0722,0.0361,0.5588,0.5556,0.586,0.64,0.7242,0.7366,0.8381,0.8368,0.874,0.8365,0.8942,0.8963,0.2603,0.2581,0.2371,0.254,0.2141,0.2496,0.1305,0.1917,0.145,0.2126,0.1196,0.1781,0.4062,0.3125,0.3125,0.5,0.75,0.9062,0.9688,0.9375,1.0,1.0,1.0,0.9688
shape-free,hc_context_drift,102,51,hc_context_drift_p1,1,late,90,0.0758,0.0379,0.506,0.4657,0.4298,0.5037,0.5361,0.6179,0.823,0.8083,0.8882,0.9264,0.9391,0.9497,0.2259,0.2664,0.2186,0.2851,0.2793,0.277,0.2542,0.2015,0.1748,0.1221,0.1207,0.1464,0.4062,0.75,0.8125,0.875,0.875,1.0,0.9688,1.0,1.0,1.0,1.0,1.0
shape-free,hc_context_drift,103,51,hc_context_drift_p1,0,late,80,0.0704,0.0352,0.501,0.559,0.6121,0.6537,0.7113,0.7458,0.821,0.8375,0.8808,0.845,0.9014,0.905,0.2303,0.268,0.1976,0.2714,0.2114,0.245,0.1998,0.1755,0.1384,0.1835,0.1163,0.1531,0.4062,0.75,0.8125,0.875,0.875,1.0,0.9688,1.0,1.0,1.0,1.0,1.0
shape-free,hc_context_drift,104,52,hc_context_drift_p0,1,late,110,0.1003,0.0502,0.3389,0.347,0.4074,0.3117,0.4866,0.5201,0.7154,0.6896,0.7622,0.7292,0.8465,0.8491,0.2946,0.286,0.3036,0.2849,0.3503,0.3215,0.2491,0.3016,0.2952,0.2964,0.2168,0.2046,0.0938,0.1562,0.2812,0.5312,0.7188,0.875,0.9062,1.0,0.9688,0.9688,0.9375,0.9688
shape-free,hc_context_drift,105,52,hc_context_drift_p0,0,late,80,0.0673,0.0337,0.6458,0.653,0.6184,0.8209,0.7473,0.8022,0.8719,0.9027,0.9093,0.9547,0.9301,0.9551,0.2853,0.2804,0.3075,0.178,0.2558,0.2466,0.1519,0.1274,0.1762,0.0601,0.1335,0.0832,0.0938,0.1562,0.2812,0.5312,0.7188,0.875,0.9062,1.0,0.9688,0.9688,0.9375,0.9688
shape-free,hc_context_drift,106,53,hc_context_drift_p0,1,late,110,0.0846,0.0423,0.4425,0.448,0.5143,0.4404,0.5863,0.5847,0.7758,0.7601,0.847,0.7827,0.8898,0.8845,0.244,0.2567,0.2624,0.2459,0.2983,0.3135,0.2326,0.2133,0.1978,0.2436,0.166,0.1972,0.25,0.4375,0.4688,0.5938,0.6875,0.7812,0.9375,1.0,0.9688,1.0,0.9688,1.0
shape-free,hc_context_drift,107,53,hc_context_drift_p0,0,late,90,0.0707,0.0354,0.5551,0.5793,0.5238,0.7286,0.6505,0.7642,0.8487,0.8692,0.8874,0.9386,0.9238,0.9554,0.2443,0.2643,0.2913,0.2228,0.2652,0.2653,0.2155,0.1587,0.1552,0.0927,0.1348,0.0909,0.25,0.4375,0.4688,0.5938,0.6875,0.7812,0.9375,1.0,0.9688,1.0,0.9688,1.0
shape-free,hc_context_drift,108,54,hc_context_drift_p0,1,late,90,0.0878,0.0439,0.4006,0.3513,0.3792,0.3027,0.4415,0.4464,0.4836,0.4444,0.4752,0.5135,0.5979,0.5602,0.2727,0.2612,0.2426,0.222,0.2913,0.2739,0.2209,0.2146,0.2249,0.247,0.2612,0.2469,0.8125,0.7812,0.7188,0.6562,0.8438,0.8125,0.875,0.7188,0.9375,0.7812,0.875,0.8438
shape-free,hc_context_drift,109,54,hc_context_drift_p0,0,late,80,0.0659,0.033,0.6095,0.6687,0.6538,0.7808,0.7452,0.7887,0.8761,0.9029,0.9079,0.9361,0.9249,0.9472,0.273,0.2603,0.2505,0.2157,0.227,0.2615,0.1745,0.1145,0.1542,0.0844,0.1321,0.0896,0.8125,0.7812,0.7188,0.6562,0.8438,0.8125,0.875,0.7188,0.9375,0.7812,0.875,0.8438
shape-free,hc_context_drift,110,55,hc_context_drift_p0,1,late,90,0.0756,0.0378,0.5562,0.6277,0.5454,0.6854,0.693,0.7262,0.9043,0.871,0.9866,0.9623,0.9551,0.9897,0.309,0.2663,0.3352,0.2731,0.3152,0.2963,0.1915,0.2532,0.0516,0.0959,0.1411,0.0371,0.6562,0.7812,0.5938,0.8438,1.0,1.0,1.0,0.9688,1.0,0.9375,0.9688,0.9688
shape-free,hc_context_drift,111,55,hc_context_drift_p0,0,late,60,0.0788,0.0394,0.4497,0.3953,0.49,0.4681,0.6123,0.639,0.7109,0.7545,0.7191,0.7262,0.7656,0.7112,0.3096,0.2735,0.325,0.2775,0.2463,0.2582,0.1882,0.1579,0.1887,0.1511,0.1174,0.1808,0.6562,0.7812,0.5938,0.8438,1.0,1.0,1.0,0.9688,1.0,0.9375,0.9688,0.9688
shape-free,hc_context_drift,112,56,hc_context_drift_p0,1,late,90,0.0608,0.0304,0.4465,0.6099,0.5322,0.6827,0.7257,0.8428,0.976,0.9338,0.9981,0.9865,0.987,0.9984,0.2979,0.2614,0.3157,0.3264,0.3201,0.2,0.0569,0.1728,0.0066,0.0565,0.042,0.0075,0.4062,0.2188,0.4062,0.4688,0.8438,0.9062,0.9688,1.0,1.0,1.0,1.0,1.0
shape-free,hc_context_drift,113,56,hc_context_drift_p0,0,late,80,0.0895,0.0447,0.5553,0.3889,0.485,0.463,0.6084,0.6293,0.6965,0.7648,0.8043,0.8352,0.8897,0.8529,0.3018,0.2707,0.3162,0.3234,0.2684,0.2797,0.2837,0.2333,0.2529,0.1848,0.12,0.2024,0.4062,0.2188,0.4062,0.4688,0.8438,0.9062,0.9688,1.0,1.0,1.0,1.0,1.0
shape-free,hc_context_drift,114,57,hc_context_drift_p0,1,late,90,0.0758,0.0379,0.4932,0.5561,0.5163,0.6695,0.6079,0.7141,0.9204,0.8822,0.9792,0.9412,0.9654,0.9929,0.3022,0.3065,0.2802,0.2985,0.3443,0.2791,0.163,0.2239,0.0931,0.1656,0.0957,0.0217,0.4062,0.3438,0.4688,0.5938,0.7188,0.875,0.9688,0.9688,1.0,1.0,1.0,1.0
shape-free,hc_context_drift,115,57,hc_context_drift_p0,0,late,80,0.0796,0.0398,0.5089,0.4486,0.5214,0.4749,0.6878,0.7096,0.7407,0.8238,0.8226,0.8645,0.8802,0.852,0.3004,0.3123,0.2791,0.3047,0.2577,0.2292,0.2333,0.1555,0.1973,0.1278,0.1083,0.1973,0.4062,0.3438,0.4688,0.5938,0.7188,0.875,0.9688,0.9688,1.0,1.0,1.0,1.0
shape-free,hc_context_drift,116,58,hc_context_drift_p0,1,late,90,0.0577,0.0288,0.5778,0.6838,0.5691,0.7018,0.7287,0.8589,0.9589,0.933,0.9931,0.9942,0.9932,0.9971,0.2545,0.2368,0.3155,0.2845,0.2962,0.1885,0.0971,0.1928,0.0356,0.0196,0.0258,0.0115,0.375,0.5,0.625,0.8438,0.9375,0.9375,0.9688,1.0,1.0,1.0,1.0,1.0
shape-free,hc_context_drift,117,58,hc_context_drift_p0,0,late,80,0.0827,0.0413,0.4151,0.3392,0.4779,0.4647,0.6379,0.6554,0.803,0.8272,0.8481,0.8726,0.9338,0.9006,0.2469,0.2456,0.3213,0.3063,0.2774,0.2864,0.2607,0.2132,0.2246,0.1319,0.1018,0.1892,0.375,0.5,0.625,0.8438,0.9375,0.9375,0.9688,1.0,1.0,1.0,1.0,1.0
shape-free,hc_context_drift,118,59,hc_context_drift_p3,1,late,110,0.0767,0.0384,0.3259,0.48,0.4568,0.5129,0.5888,0.6889,0.7933,0.8566,0.9032,0.7949,0.9388,0.9243,0.2429,0.2439,0.2673,0.2742,0.2622,0.2577,0.2309,0.18,0.1755,0.2638,0.0876,0.1187,0.1562,0.3438,0.4062,0.625,0.5938,0.7812,0.8438,0.9062,0.9688,0.9375,0.9688,0.9688
shape-free,hc_context_drift,119,59,hc_context_drift_p3,0,late,100,0.0809,0.0404,0.6622,0.5227,0.5768,0.6364,0.6522,0.6374,0.7811,0.7105,0.792,0.866,0.816,0.8893,0.2381,0.2409,0.2762,0.2757,0.2495,0.2678,0.1999,0.2443,0.2154,0.198,0.2004,0.1385,0.1562,0.3438,0.4062,0.625,0.5938,0.7812,0.8438,0.9062,0.9688,0.9375,0.9688,0.9688
shape-free,hc_context_drift,120,60,hc_context_drift_p1,1,late,90,0.0744,0.0372,0.3618,0.4272,0.4341,0.5897,0.7171,0.7357,0.8938,0.9054,0.97,0.966,0.9654,0.9958,0.2512,0.2725,0.2527,0.2993,0.3099,0.3036,0.2315,0.22,0.1083,0.1418,0.1173,0.0169,0.25,0.2188,0.4688,0.5312,0.875,0.875,0.9688,0.9688,1.0,1.0,1.0,1.0
shape-free,hc_context_drift,121,60,hc_context_drift_p1,0,late,70,0.0711,0.0356,0.6318,0.5675,0.6197,0.5799,0.698,0.7645,0.8995,0.8721,0.9117,0.9245,0.9572,0.9138,0.2467,0.2675,0.2317,0.2808,0.2776,0.2534,0.1493,0.1753,0.1435,0.1419,0.0626,0.1843,0.25,0.2188,0.4688,0.5312,0.875,0.875,0.9688,0.9688,1.0,1.0,1.0,1.0
shape-free,hc_context_drift,122,61,hc_context_drift_p1,1,late,100,0.0839,0.042,0.5101,0.5219,0.4987,0.6703,0.6203,0.605,0.7076,0.6904,0.7117,0.7738,0.774,0.8553,0.2796,0.2554,0.2443,0.235,0.272,0.2839,0.2151,0.2358,0.2507,0.2224,0.1982,0.1568,0.1875,0.375,0.4062,0.5938,0.5938,0.7812,0.875,0.9062,0.9375,0.9062,0.9688,0.9062
shape-free,hc_context_drift,123,61,hc_context_drift_p1,0,late,90,0.0826,0.0413,0.4808,0.4831,0.5263,0.4409,0.5733,0.6698,0.7922,0.7833,0.8771,0.8687,0.9177,0.893,0.2765,0.2561,0.2671,0.2819,0.3065,0.2753,0.222,0.2533,0.1574,0.1881,0.115,0.2041,0.1875,0.375,0.4062,0.5938,0.5938,0.7812,0.875,0.9062,0.9375,0.9062,0.9688,0.9062
shape-free,hc_context_drift,124,62,hc_context_drift_p1,1,late,90,0.0809,0.0405,0.6687,0.6764,0.6369,0.6488,0.7877,0.7479,0.8903,0.8552,0.9303,0.9332,0.9638,0.9834,0.3061,0.3316,0.311,0.343,0.2462,0.272,0.2104,0.2395,0.1796,0.1568,0.1112,0.04,0.6562,0.7812,0.6562,0.75,0.9375,0.9688,1.0,0.9375,0.9688,1.0,1.0,1.0
shape-free,hc_context_drift,125,62,hc_context_drift_p1,0,late,90,0.0973,0.0486,0.3342,0.3339,0.3959,0.4832,0.4439,0.5949,0.7365,0.7303,0.7703,0.8278,0.8515,0.8352,0.3066,0.3354,0.321,0.3396,0.3233,0.3313,0.246,0.24,0.244,0.1739,0.2158,0.2244,0.6562,0.7812,0.6562,0.75,0.9375,0.9688,1.0,0.9375,0.9688,1.0,1.0,1.0
shape-free,hc_context_drift,126,63,hc_context_drift_p1,1,late,110,0.0868,0.0434,0.6608,0.5599,0.4813,0.4696,0.6379,0.6722,0.7448,0.7601,0.8123,0.8196,0.884,0.91,0.2403,0.2687,0.2982,0.2742,0.2415,0.2532,0.2555,0.2765,0.221,0.2622,0.1931,0.1631,0.375,0.625,0.75,0.875,0.875,0.9688,1.0,0.9688,1.0,1.0,1.0,1.0
shape-free,hc_context_drift,127,63,hc_context_drift_p1,0,late,90,0.0698,0.0349,0.3407,0.4771,0.5639,0.7022,0.6274,0.6851,0.8629,0.8832,0.9464,0.9473,0.9692,0.9623,0.2444,0.2947,0.3049,0.258,0.2848,0.3249,0.195,0.1895,0.0733,0.0738,0.0539,0.0724,0.375,0.625,0.75,0.875,0.875,0.9688,1.0,0.9688,1.0,1.0,1.0,1.0
shape-free,hc_context_drift,128,64,hc_context_drift_p0,1,late,90,0.0704,0.0352,0.4,0.4526,0.6306,0.6836,0.6529,0.6999,0.8819,0.8231,0.9032,0.933,0.9233,0.9707,0.2506,0.2864,0.2136,0.2846,0.2772,0.2618,0.1406,0.2433,0.1555,0.0845,0.1333,0.0566,0.875,0.875,0.875,0.9688,0.9375,0.9375,1.0,0.9688,1.0,0.9375,1.0,0.9375
shape-free,hc_context_drift,129,64,hc_context_drift_p0,0,late,80,0.0779,0.0389,0.6095,0.5715,0.414,0.465,0.6091,0.6632,0.7437,0.7796,0.8165,0.798,0.8571,0.8392,0.2506,0.2877,0.2162,0.3013,0.287,0.2288,0.2449,0.1969,0.1618,0.1857,0.1197,0.1624,0.875,0.875,0.875,0.9688,0.9375,0.9375,1.0,0.9688,1.0,0.9375,1.0,0.9375
shape-free,hc_context_drift,130,65,hc_context_drift_p0,1,late,90,0.0629,0.0314,0.5069,0.48,0.5841,0.6735,0.6796,0.775,0.9285,0.8771,0.9702,0.9697,0.9957,0.9805,0.2796,0.2873,0.2178,0.27,0.2685,0.2403,0.1232,0.2203,0.0798,0.0627,0.0165,0.0679,0.4688,0.6562,0.6875,0.625,0.8125,0.875,0.9375,0.9688,1.0,1.0,1.0,1.0
shape-free,hc_context_drift,131,65,hc_context_drift_p0,0,late,80,0.0773,0.0387,0.4957,0.5564,0.485,0.5248,0.6331,0.7049,0.8106,0.8618,0.9087,0.9013,0.9164,0.937,0.2771,0.3021,0.2318,0.3058,0.2806,0.2803,0.2296,0.162,0.1414,0.1588,0.1488,0.1062,0.4688,0.6562,0.6875,0.625,0.8125,0.875,0.9375,0.9688,1.0,1.0,1.0,1.0
shape-free,hc_context_drift,132,66,hc_context_drift_p0,1,late,70,0.0702,0.0351,0.684,0.6944,0.7115,0.7714,0.8091,0.8251,0.9586,0.9332,0.9739,0.989,0.9803,0.9805,0.2593,0.3385,0.3196,0.2849,0.2998,0.2328,0.1265,0.1806,0.1312,0.0529,0.0809,0.0767,0.375,0.4062,0.5,0.6875,0.9062,0.875,0.9375,0.9688,1.0,1.0,1.0,1.0
shape-free,hc_context_drift,133,66,hc_context_drift_p0,0,late,90,0.0907,0.0454,0.3083,0.3006,0.3206,0.4003,0.5825,0.6485,0.7777,0.8444,0.8922,0.8861,0.9642,0.9533,0.2563,0.3372,0.3294,0.3555,0.3455,0.3287,0.3394,0.2072,0.1866,0.1912,0.1037,0.0991,0.375,0.4062,0.5,0.6875,0.9062,0.875,0.9375,0.9688,1.0,1.0,1.0,1.0
shape-free,hc_context_drift,134,67,hc_context_drift_p0,1,late,100,0.1023,0.0512,0.4327,0.494,0.5174,0.5425,0.5217,0.5918,0.6239,0.6496,0.7067,0.7506,0.7951,0.8101,0.2903,0.2918,0.3103,0.2934,0.324,0.289,0.289,0.2939,0.2782,0.2748,0.2752,0.2633,0.7188,0.7188,0.8438,0.9062,0.9375,0.9375,1.0,1.0,1.0,1.0,0.9688,1.0
shape-free,hc_context_drift,135,67,hc_context_drift_p0,0,late,90,0.0756,0.0378,0.5789,0.5374,0.5293,0.6013,0.6928,0.7055,0.8508,0.8858,0.9418,0.932,0.9628,0.9708,0.2888,0.2805,0.3063,0.3285,0.3068,0.3014,0.2625,0.1645,0.0744,0.1101,0.0792,0.0622,0.7188,0.7188,0.8438,0.9062,0.9375,0.9375,1.0,1.0,1.0,1.0,0.9688,1.0
shape-free,hc_context_drift,136,68,hc_context_drift_p3,1,late,90,0.0647,0.0323,0.6161,0.678,0.6643,0.7363,0.7619,0.787,0.8779,0.8684,0.9238,0.9098,0.9679,0.9647,0.2707,0.2528,0.2978,0.2923,0.2052,0.199,0.1782,0.1394,0.1031,0.1478,0.0644,0.0451,0.625,0.4375,0.3438,0.5625,0.5,0.7812,0.9062,0.8125,0.9062,0.9375,0.9375,0.9062
shape-free,hc_context_drift,137,68,hc_context_drift_p3,0,late,90,0.0956,0.0478,0.3872,0.3313,0.3521,0.364,0.4298,0.4858,0.6129,0.6295,0.6709,0.7274,0.712,0.7645,0.272,0.2607,0.2966,0.3051,0.2838,0.2493,0.252,0.2898,0.2567,0.2702,0.2382,0.2714,0.625,0.4375,0.3438,0.5625,0.5,0.7812,0.9062,0.8125,0.9062,0.9375,0.9375,0.9062
shape-free,hc_context_drift,138,69,hc_context_drift_p1,1,late,90,0.0848,0.0424,0.7002,0.5052,0.5759,0.693,0.6637,0.6848,0.8028,0.7917,0.8655,0.8748,0.8834,0.912,0.2632,0.2894,0.3149,0.2225,0.265,0.2442,0.2537,0.2734,0.1664,0.2134,0.1861,0.185,0.3125,0.5,0.5,0.5625,0.7812,0.8438,0.9375,0.9688,0.9688,1.0,1.0,1.0
shape-free,hc_context_drift,139,69,hc_context_drift_p1,0,late,110,0.0858,0.0429,0.2953,0.5119,0.453,0.4607,0.5978,0.6666,0.7829,0.838,0.8608,0.8773,0.9496,0.966,0.2634,0.3037,0.3289,0.3246,0.3075,0.3115,0.2947,0.235,0.211,0.1894,0.0828,0.0589,0.3125,0.5,0.5,0.5625,0.7812,0.8438,0.9375,0.9688,0.9688,1.0,1.0,1.0
shape-free,hc_context_drift,140,70,hc_context_drift_p3,1,late,100,0.0847,0.0423,0.4911,0.567,0.4283,0.5641,0.5311,0.6297,0.6672,0.7389,0.7695,0.787,0.8426,0.8689,0.2586,0.2382,0.2723,0.2644,0.2845,0.249,0.2821,0.2168,0.2228,0.2633,0.1572,0.165,0.3438,0.25,0.2812,0.4375,0.6875,0.75,0.875,0.9062,0.9688,0.9062,0.9688,0.9688
shape-free,hc_context_drift,141,70,hc_context_drift_p3,0,late,90,0.069,0.0345,0.5047,0.4274,0.5801,0.5615,0.6944,0.6625,0.8669,0.8194,0.9038,0.9066,0.9101,0.9207,0.2638,0.2386,0.2672,0.2584,0.2517,0.2592,0.1533,0.2018,0.0932,0.1116,0.1227,0.1191,0.3438,0.25,0.2812,0.4375,0.6875,0.75,0.875,0.9062,0.9688,0.9062,0.9688,0.9688
shape-free,hc_context_drift,142,71,hc_context_drift_p3,1,late,80,0.0635,0.0318,0.5329,0.4995,0.4578,0.6409,0.6332,0.8262,0.888,0.9285,0.9791,0.972,0.9955,0.9905,0.2574,0.2509,0.2939,0.261,0.3244,0.1916,0.2289,0.147,0.0719,0.0725,0.0133,0.0431,0.375,0.4062,0.4375,0.5625,0.875,0.9375,0.9688,0.9688,1.0,1.0,1.0,1.0
shape-free,hc_context_drift,143,71,hc_context_drift_p3,0,late,90,0.0768,0.0384,0.4683,0.5063,0.5659,0.5493,0.6862,0.6058,0.827,0.7795,0.8674,0.8802,0.8613,0.8982,0.2651,0.2435,0.2777,0.2579,0.248,0.3062,0.1699,0.2259,0.1308,0.1204,0.1744,0.188,0.375,0.4062,0.4375,0.5625,0.875,0.9375,0.9688,0.9688,1.0,1.0,1.0,1.0
shape-free,hc_context_drift,144,72,hc_context_drift_p3,1,late,90,0.069,0.0345,0.4958,0.5374,0.4293,0.5688,0.5971,0.7179,0.8452,0.89,0.938,0.9335,0.9609,0.9667,0.2649,0.2303,0.2772,0.2643,0.2777,0.2217,0.2481,0.1476,0.1206,0.1195,0.0781,0.0917,0.4062,0.8125,0.8438,0.8438,0.9375,0.9688,1.0,0.9688,1.0,1.0,1.0,1.0
shape-free,hc_context_drift,145,72,hc_context_drift_p3,0,late,90,0.0678,0.0339,0.5098,0.4915,0.6321,0.6161,0.6981,0.6519,0.8376,0.7985,0.8966,0.8826,0.8858,0.9133,0.2689,0.2259,0.2497,0.2278,0.2073,0.2365,0.1954,0.1975,0.1071,0.1243,0.1369,0.1246,0.4062,0.8125,0.8438,0.8438,0.9375,0.9688,1.0,0.9688,1.0,1.0,1.0,1.0
shape-free,hc_context_drift,146,73,hc_context_drift_p1,1,late,80,0.0627,0.0313,0.487,0.5743,0.6271,0.7081,0.7703,0.9265,0.9259,0.9688,0.9783,0.9945,0.9963,0.989,0.3036,0.2914,0.2615,0.3252,0.3047,0.1128,0.1889,0.1455,0.0942,0.0259,0.0165,0.0574,0.1562,0.2812,0.5312,0.5625,0.8125,0.875,1.0,1.0,1.0,1.0,1.0,1.0
shape-free,hc_context_drift,147,73,hc_context_drift_p1,0,late,90,0.1004,0.0502,0.499,0.4217,0.4149,0.4544,0.5242,0.4199,0.7005,0.6513,0.7241,0.7531,0.7445,0.7858,0.3,0.2951,0.2605,0.3366,0.3473,0.3206,0.235,0.3063,0.2364,0.2463,0.2815,0.2431,0.1562,0.2812,0.5312,0.5625,0.8125,0.875,1.0,1.0,1.0,1.0,1.0,1.0
shape-free,hc_context_drift,148,74,hc_context_drift_p1,1,late,60,0.0545,0.0272,0.6529,0.6514,0.7273,0.7697,0.7843,0.9406,0.9534,0.9694,0.9841,0.9974,0.9995,0.9948,0.2618,0.2629,0.2485,0.3342,0.2956,0.0994,0.1172,0.1289,0.0635,0.0098,0.002,0.0255,0.2812,0.25,0.5938,0.5938,0.8438,0.9062,0.9375,0.9688,1.0,1.0,1.0,1.0
shape-free,hc_context_drift,149,74,hc_context_drift_p1,0,late,90,0.1024,0.0512,0.3396,0.3539,0.3107,0.4,0.4758,0.3864,0.6551,0.6092,0.6978,0.7121,0.7244,0.7777,0.2627,0.2681,0.2576,0.3616,0.3706,0.3301,0.2664,0.3049,0.2542,0.2604,0.2886,0.2503,0.2812,0.25,0.5938,0.5938,0.8438,0.9062,0.9375,0.9688,1.0,1.0,1.0,1.0
shape-free,hc_context_drift,150,75,hc_context_drift_p1,1,late,80,0.07,0.035,0.3117,0.3834,0.369,0.4936,0.6649,0.7977,0.9103,0.9565,0.9926,1.0,0.9995,0.9866,0.2241,0.2844,0.3156,0.3689,0.378,0.3043,0.2411,0.1524,0.0293,0.0,0.002,0.0756,0.3125,0.75,0.7188,0.875,1.0,0.9375,1.0,1.0,1.0,1.0,1.0,1.0
shape-free,hc_context_drift,151,75,hc_context_drift_p1,0,late,70,0.0613,0.0307,0.6846,0.6488,0.6936,0.7611,0.7986,0.7919,0.9072,0.9306,0.9518,0.9472,0.9534,0.9605,0.2302,0.2907,0.2839,0.2544,0.2212,0.234,0.1519,0.1069,0.0746,0.0914,0.0746,0.067,0.3125,0.75,0.7188,0.875,1.0,0.9375,1.0,1.0,1.0,1.0,1.0,1.0
shape-free,hc_context_drift,152,76,hc_context_drift_p1,1,late,90,0.0828,0.0414,0.3839,0.327,0.4346,0.5097,0.6045,0.6353,0.8181,0.8354,0.8661,0.8789,0.8864,0.9348,0.2278,0.2204,0.2401,0.2962,0.2652,0.2847,0.2415,0.2184,0.2031,0.2124,0.2149,0.1866,0.4688,0.5625,0.4062,0.6562,0.8438,0.875,0.9688,0.9688,1.0,1.0,1.0,1.0
shape-free,hc_context_drift,153,76,hc_context_drift_p1,0,late,90,0.0644,0.0322,0.6144,0.6796,0.5952,0.6561,0.6997,0.7424,0.8808,0.8628,0.9207,0.9212,0.9472,0.9539,0.2287,0.2285,0.2369,0.254,0.2696,0.2514,0.1338,0.1976,0.1362,0.0924,0.0852,0.0724,0.4688,0.5625,0.4062,0.6562,0.8438,0.875,0.9688,0.9688,1.0,1.0,1.0,1.0
shape-free,hc_context_drift,154,77,hc_context_drift_p1,1,late,90,0.0953,0.0476,0.4178,0.4367,0.4067,0.5169,0.6211,0.6358,0.8864,0.7906,0.9,0.8877,0.8639,0.9502,0.3009,0.2401,0.3158,0.3126,0.3442,0.3117,0.2237,0.3103,0.223,0.2415,0.2552,0.1543,0.9375,0.9062,0.8438,0.9375,1.0,1.0,1.0,1.0,1.0,1.0,1.0,1.0
shape-free,hc_context_drift,155,77,hc_context_drift_p1,0,late,80,0.0718,0.0359,0.5949,0.5802,0.6418,0.6925,0.7136,0.7866,0.8694,0.934,0.9207,0.9438,0.9799,0.9439,0.2991,0.2359,0.3053,0.2607,0.2894,0.2409,0.2564,0.1148,0.1524,0.0901,0.0429,0.1493,0.9375,0.9062,0.8438,0.9375,1.0,1.0,1.0,1.0,1.0,1.0,1.0,1.0
shape-free,hc_context_drift,156,78,hc_context_drift_p1,1,late,90,0.0705,0.0352,0.4467,0.6327,0.5702,0.6561,0.6872,0.775,0.919,0.8665,0.9692,0.9478,0.9373,0.9821,0.3107,0.2202,0.2726,0.26,0.2974,0.2336,0.1769,0.221,0.0769,0.1146,0.1518,0.0557,0.1562,0.1875,0.2812,0.5,0.6562,0.8438,0.875,0.9688,1.0,1.0,1.0,1.0
shape-free,hc_context_drift,157,78,hc_context_drift_p1,0,late,80,0.0891,0.0446,0.5428,0.3655,0.4667,0.4989,0.5622,0.588,0.7448,0.8123,0.794,0.8429,0.9001,0.8652,0.3104,0.2147,0.2835,0.2765,0.3255,0.301,0.2953,0.2332,0.2491,0.1983,0.1448,0.1929,0.1562,0.1875,0.2812,0.5,0.6562,0.8438,0.875,0.9688,1.0,1.0,1.0,1.0
shape-free,hc_context_drift,158,79,hc_context_drift_p1,1,late,90,0.0755,0.0377,0.4663,0.475,0.4575,0.5689,0.6947,0.765,0.9167,0.8602,0.9507,0.9333,0.9731,0.9692,0.3244,0.2449,0.2816,0.2865,0.2949,0.219,0.1741,0.2588,0.1606,0.1367,0.0678,0.1115,0.8438,0.9375,0.9688,0.9688,0.9375,1.0,1.0,1.0,1.0,1.0,1.0,1.0
shape-free,hc_context_drift,159,79,hc_context_drift_p1,0,late,80,0.0768,0.0384,0.5427,0.5485,0.5915,0.625,0.6302,0.6661,0.8073,0.861,0.8711,0.8909,0.938,0.9217,0.3267,0.2522,0.2829,0.2698,0.3199,0.26,0.2531,0.1577,0.172,0.1278,0.0816,0.1044,0.8438,0.9375,0.9688,0.9688,0.9375,1.0,1.0,1.0,1.0,1.0,1.0,1.0
shape-free,hc_context_drift,160,80,hc_context_drift_p2,1,late,80,0.0683,0.0342,0.6711,0.611,0.6313,0.6484,0.7899,0.7603,0.8626,0.9138,0.9322,0.9005,0.923,0.9601,0.2411,0.27,0.2262,0.2825,0.1757,0.2395,0.2205,0.1211,0.146,0.1674,0.1444,0.0844,0.4375,0.6562,0.5312,0.6562,0.8125,0.875,0.9375,0.9688,0.9688,0.9062,1.0,0.9688
shape-free,hc_context_drift,161,80,hc_context_drift_p2,0,late,90,0.0817,0.0408,0.3333,0.4038,0.4125,0.5108,0.4778,0.6026,0.764,0.7157,0.8194,0.8286,0.8447,0.869,0.2447,0.2757,0.2373,0.2998,0.2653,0.2777,0.2534,0.259,0.1764,0.1398,0.1835,0.1592,0.4375,0.6562,0.5312,0.6562,0.8125,0.875,0.9375,0.9688,0.9688,0.9062,1.0,0.9688
shape-free,hc_context_drift,162,81,hc_context_drift_p1,1,unsettled,120,0.0875,0.0437,0.463,0.5053,0.432,0.4665,0.5232,0.4705,0.5425,0.6514,0.6542,0.6814,0.682,0.7738,0.2319,0.2036,0.2318,0.2288,0.2047,0.2829,0.2946,0.2366,0.2509,0.2821,0.2831,0.2387,0.3438,0.5938,0.4375,0.6562,0.7812,0.875,0.9375,0.9375,0.9688,0.9375,1.0,0.9688
shape-free,hc_context_drift,163,81,hc_context_drift_p1,0,late,90,0.0601,0.03,0.5285,0.4987,0.5778,0.6469,0.6832,0.7932,0.9162,0.8502,0.9322,0.942,0.9552,0.9433,0.2324,0.2082,0.235,0.2351,0.226,0.2258,0.1047,0.2107,0.1006,0.0991,0.058,0.103,0.3438,0.5938,0.4375,0.6562,0.7812,0.875,0.9375,0.9375,0.9688,0.9375,1.0,0.9688
shape-free,hc_context_drift,164,82,hc_context_drift_p2,1,late,100,0.0861,0.0431,0.5683,0.5121,0.4694,0.4683,0.5312,0.417,0.4317,0.4987,0.4728,0.5097,0.501,0.5738,0.231,0.2454,0.23,0.2359,0.1951,0.2184,0.27,0.2103,0.223,0.2911,0.2798,0.2938,0.375,0.4375,0.375,0.5938,0.5312,0.75,0.9062,0.9375,0.9688,0.9062,0.9688,0.9375
shape-free,hc_context_drift,165,82,hc_context_drift_p2,0,late,90,0.0648,0.0324,0.4267,0.4987,0.5427,0.6208,0.6424,0.7883,0.885,0.8708,0.9433,0.9512,0.9567,0.9581,0.2341,0.2604,0.2418,0.2528,0.2488,0.2124,0.188,0.1698,0.0906,0.091,0.0891,0.1202,0.375,0.4375,0.375,0.5938,0.5312,0.75,0.9062,0.9375,0.9688,0.9062,0.9688,0.9375
shape-free,hc_context_drift,166,83,hc_context_drift_p0,1,late,70,0.0635,0.0317,0.3922,0.3758,0.511,0.5706,0.7337,0.8053,0.9462,0.9625,0.9969,0.9977,0.9992,0.9874,0.2984,0.2956,0.2721,0.3174,0.327,0.2858,0.1628,0.1069,0.0121,0.0097,0.0027,0.064,0.0625,0.2812,0.3438,0.5,0.6875,0.875,0.9375,0.9688,1.0,1.0,1.0,1.0
shape-free,hc_context_drift,167,83,hc_context_drift_p0,0,late,90,0.0811,0.0405,0.5939,0.6355,0.5308,0.6511,0.6579,0.7236,0.8127,0.8454,0.8595,0.8937,0.8742,0.933,0.2927,0.2841,0.2818,0.2591,0.2732,0.2787,0.2424,0.1707,0.2067,0.1405,0.1988,0.1235,0.0625,0.2812,0.3438,0.5,0.6875,0.875,0.9375,0.9688,1.0,1.0,1.0,1.0
shape-free,hc_context_drift,168,84,hc_context_drift_p3,1,late,100,0.0815,0.0408,0.5395,0.5712,0.4818,0.5902,0.6733,0.6571,0.7226,0.7458,0.8033,0.84,0.8909,0.8926,0.2796,0.2481,0.2708,0.2735,0.2771,0.2563,0.2416,0.2595,0.1944,0.2028,0.1262,0.1376,0.5938,0.625,0.5625,0.5938,0.7812,0.8438,0.9688,0.9688,1.0,1.0,0.9688,0.9688
shape-free,hc_context_drift,169,84,hc_context_drift_p3,0,late,90,0.0842,0.0421,0.4604,0.4431,0.5475,0.5325,0.5506,0.644,0.7957,0.7966,0.8476,0.8376,0.8645,0.889,0.2759,0.2527,0.2713,0.303,0.3373,0.278,0.2125,0.1913,0.1821,0.2126,0.1723,0.1678,0.5938,0.625,0.5625,0.5938,0.7812,0.8438,0.9688,0.9688,1.0,1.0,0.9688,0.9688
shape-free,hc_context_drift,170,85,hc_context_drift_p1,1,late,110,0.0987,0.0493,0.5002,0.3934,0.3755,0.3898,0.5359,0.6392,0.769,0.7511,0.7543,0.7429,0.8173,0.8562,0.3153,0.2684,0.2687,0.3312,0.3007,0.2932,0.2475,0.2671,0.2932,0.3167,0.2343,0.2135,0.1875,0.125,0.4375,0.4375,0.7188,0.75,0.9062,0.9688,1.0,0.9688,1.0,0.9375
shape-free,hc_context_drift,171,85,hc_context_drift_p1,0,late,90,0.0692,0.0346,0.4907,0.5981,0.654,0.7576,0.7031,0.6951,0.8183,0.8183,0.8811,0.9054,0.8961,0.9101,0.3124,0.2696,0.2612,0.233,0.22,0.2506,0.1812,0.1526,0.1358,0.1078,0.1315,0.0938,0.1875,0.125,0.4375,0.4375,0.7188,0.75,0.9062,0.9688,1.0,0.9688,1.0,0.9375
shape-free,hc_context_drift,172,86,hc_context_drift_p0,1,late,90,0.0638,0.0319,0.4613,0.4718,0.6099,0.6865,0.6878,0.7726,0.9106,0.8866,0.9332,0.9712,0.986,0.9662,0.2896,0.2695,0.1799,0.2478,0.2544,0.2257,0.1541,0.2006,0.1411,0.0555,0.0437,0.1024,0.625,0.6875,0.7812,0.9062,0.9375,0.9375,1.0,1.0,1.0,1.0,1.0,1.0
shape-free,hc_context_drift,173,86,hc_context_drift_p0,0,late,90,0.08,0.04,0.5525,0.5617,0.4518,0.4903,0.5942,0.6102,0.7476,0.8099,0.8721,0.8536,0.8566,0.899,0.2858,0.2772,0.1814,0.2889,0.2884,0.2875,0.274,0.1648,0.1407,0.1838,0.1952,0.1491,0.625,0.6875,0.7812,0.9062,0.9375,0.9375,1.0,1.0,1.0,1.0,1.0,1.0
shape-free,hc_context_drift,174,87,hc_context_drift_p3,1,late,80,0.0712,0.0356,0.6537,0.5958,0.6318,0.6756,0.8003,0.8085,0.9072,0.9428,0.9491,0.9646,0.9673,0.9868,0.3077,0.2655,0.3226,0.2989,0.2448,0.2329,0.2237,0.1096,0.1333,0.1318,0.1036,0.0436,0.3125,0.5312,0.4375,0.4688,0.75,0.9062,0.9375,0.9688,1.0,1.0,1.0,1.0
shape-free,hc_context_drift,175,87,hc_context_drift_p3,0,late,90,0.0887,0.0443,0.3402,0.4125,0.4204,0.5143,0.5287,0.6741,0.8349,0.7825,0.8642,0.8553,0.9216,0.9048,0.3027,0.2717,0.3409,0.3236,0.3117,0.2925,0.238,0.2558,0.1572,0.2086,0.1276,0.1789,0.3125,0.5312,0.4375,0.4688,0.75,0.9062,0.9375,0.9688,1.0,1.0,1.0,1.0
shape-free,hc_context_drift,176,88,hc_context_drift_p0,1,late,90,0.0472,0.0236,0.6748,0.6514,0.8007,0.8177,0.784,0.8768,0.9439,0.9227,0.9457,0.9631,0.9799,0.9733,0.2096,0.2471,0.1355,0.2202,0.2152,0.1576,0.095,0.1013,0.0882,0.0457,0.0295,0.0573,0.7812,0.75,0.875,0.9375,0.9688,0.9688,1.0,0.9688,1.0,1.0,1.0,1.0
shape-free,hc_context_drift,177,88,hc_context_drift_p0,0,late,90,0.0915,0.0457,0.3325,0.3629,0.2265,0.3317,0.4459,0.4029,0.5997,0.6443,0.7254,0.726,0.7265,0.8101,0.209,0.2444,0.1467,0.2969,0.3064,0.3247,0.3189,0.2738,0.2354,0.2554,0.2864,0.2064,0.7812,0.75,0.875,0.9375,0.9688,0.9688,1.0,0.9688,1.0,1.0,1.0,1.0
shape-free,hc_context_drift,178,89,hc_context_drift_p2,1,late,70,0.0846,0.0423,0.4402,0.5122,0.5375,0.5137,0.6983,0.6024,0.7387,0.7384,0.7598,0.7495,0.807,0.7729,0.2802,0.2714,0.3144,0.3193,0.2332,0.2659,0.2049,0.1952,0.1786,0.2465,0.1378,0.2236,0.6875,0.6562,0.7188,0.8125,0.8438,0.875,0.9375,0.9688,0.9375,0.9375,0.875,0.8125
shape-free,hc_context_drift,179,89,hc_context_drift_p2,0,late,90,0.0888,0.0444,0.566,0.4986,0.4977,0.6118,0.5156,0.6509,0.7268,0.7384,0.8185,0.833,0.8644,0.857,0.28,0.2733,0.3154,0.2841,0.2805,0.2994,0.241,0.2806,0.1783,0.2248,0.1366,0.221,0.6875,0.6562,0.7188,0.8125,0.8438,0.875,0.9375,0.9688,0.9375,0.9375,0.875,0.8125
shape-free,hc_context_drift,180,90,hc_context_drift_p0,1,late,90,0.0719,0.0359,0.692,0.7105,0.7096,0.7526,0.7727,0.7386,0.8231,0.8455,0.8803,0.9027,0.927,0.9356,0.2717,0.2955,0.2267,0.2271,0.2164,0.2355,0.1849,0.216,0.1489,0.1635,0.1039,0.1497,0.5312,0.5312,0.7188,0.625,0.8438,0.9375,1.0,0.9062,1.0,1.0,1.0,1.0
shape-free,hc_context_drift,181,90,hc_context_drift_p0,0,late,90,0.0877,0.0438,0.3093,0.3038,0.3254,0.39,0.4607,0.5659,0.7661,0.7527,0.8268,0.8165,0.8755,0.9027,0.2722,0.2991,0.257,0.3114,0.3158,0.3137,0.2442,0.2196,0.1853,0.2373,0.1843,0.1357,0.5312,0.5312,0.7188,0.625,0.8438,0.9375,1.0,0.9062,1.0,1.0,1.0,1.0
shape-free,hc_context_drift,182,91,hc_context_drift_p0,1,late,70,0.062,0.031,0.3272,0.3756,0.5072,0.5089,0.7381,0.8051,0.9351,0.976,0.9771,0.9932,0.9771,0.9899,0.2361,0.2439,0.268,0.3117,0.2923,0.2386,0.1442,0.057,0.1219,0.0346,0.103,0.0547,0.8438,0.6875,0.7188,0.7188,0.8438,0.9688,0.9688,0.9688,1.0,1.0,1.0,1.0
shape-free,hc_context_drift,183,91,hc_context_drift_p0,0,late,90,0.074,0.037,0.6796,0.6297,0.534,0.6946,0.6513,0.6799,0.7951,0.794,0.8715,0.8834,0.8845,0.8851,0.2358,0.2436,0.2685,0.2078,0.2602,0.2239,0.1943,0.2587,0.1636,0.1399,0.1393,0.1755,0.8438,0.6875,0.7188,0.7188,0.8438,0.9688,0.9688,0.9688,1.0,1.0,1.0,1.0
shape-free,hc_context_drift,184,92,hc_context_drift_p2,1,late,100,0.1018,0.0509,0.504,0.4185,0.4029,0.4601,0.3858,0.4612,0.6123,0.5875,0.669,0.7407,0.7582,0.8283,0.2422,0.296,0.2846,0.24,0.2598,0.2978,0.3268,0.3326,0.3156,0.291,0.313,0.2558,0.3125,0.4375,0.5,0.625,0.7812,0.9688,0.9375,1.0,1.0,1.0,1.0,1.0
shape-free,hc_context_drift,185,92,hc_context_drift_p2,0,late,70,0.0572,0.0286,0.496,0.5851,0.6282,0.6835,0.821,0.8719,0.9317,0.956,0.9702,0.9757,0.9934,0.9866,0.2437,0.3084,0.2866,0.2527,0.2252,0.1802,0.1949,0.0916,0.0751,0.0395,0.0124,0.0315,0.3125,0.4375,0.5,0.625,0.7812,0.9688,0.9375,1.0,1.0,1.0,1.0,1.0
shape-free,hc_context_drift,186,93,hc_context_drift_p2,1,late,90,0.0667,0.0333,0.4739,0.4742,0.5192,0.5615,0.692,0.6899,0.8789,0.8669,0.9449,0.9187,0.9538,0.9679,0.1967,0.2547,0.2033,0.226,0.2426,0.247,0.185,0.198,0.1036,0.1783,0.1173,0.1107,0.75,0.5938,0.5312,0.5625,0.7188,0.9062,0.9688,0.9688,1.0,1.0,1.0,1.0
shape-free,hc_context_drift,187,93,hc_context_drift_p2,0,late,90,0.0665,0.0333,0.5253,0.5353,0.5274,0.6071,0.6395,0.7233,0.831,0.8368,0.898,0.894,0.9293,0.9327,0.2005,0.2655,0.1929,0.1916,0.2448,0.2325,0.2457,0.1821,0.1496,0.1473,0.0836,0.1219,0.75,0.5938,0.5312,0.5625,0.7188,0.9062,0.9688,0.9688,1.0,1.0,1.0,1.0
shape-free,hc_context_drift,188,94,hc_context_drift_p2,1,late,90,0.0905,0.0452,0.5788,0.5029,0.5467,0.5807,0.4639,0.524,0.5623,0.4994,0.6361,0.6809,0.6851,0.7207,0.2501,0.3077,0.2842,0.2114,0.2402,0.2622,0.2549,0.2668,0.2287,0.2464,0.2515,0.2662,0.4375,0.5625,0.7812,0.6875,0.875,0.9375,0.9062,0.9688,0.9688,1.0,0.9688,1.0
shape-free,hc_context_drift,189,94,hc_context_drift_p2,0,late,90,0.0715,0.0358,0.4204,0.5208,0.4957,0.5259,0.7191,0.7513,0.8755,0.8874,0.9325,0.9261,0.9547,0.9628,0.2621,0.3146,0.2916,0.2938,0.267,0.2304,0.201,0.1873,0.1309,0.1058,0.0754,0.067,0.4375,0.5625,0.7812,0.6875,0.875,0.9375,0.9062,0.9688,0.9688,1.0,0.9688,1.0
shape-free,hc_context_drift,190,95,hc_context_drift_p1,1,late,90,0.0717,0.0358,0.3325,0.3644,0.4285,0.4473,0.5184,0.6803,0.8805,0.8487,0.9304,0.9344,0.9518,0.9557,0.2142,0.19,0.2468,0.2938,0.2894,0.2621,0.1725,0.2021,0.1566,0.1358,0.1285,0.14,0.2812,0.5625,0.75,0.75,0.875,0.9688,1.0,0.9688,1.0,1.0,1.0,1.0
shape-free,hc_context_drift,191,95,hc_context_drift_p1,0,late,90,0.057,0.0285,0.6712,0.6654,0.6231,0.7523,0.7953,0.7679,0.822,0.8618,0.9278,0.9046,0.9283,0.9412,0.2134,0.1979,0.2371,0.1667,0.1459,0.1959,0.1971,0.1786,0.0943,0.1207,0.0972,0.0897,0.2812,0.5625,0.75,0.75,0.875,0.9688,1.0,0.9688,1.0,1.0,1.0,1.0
shape-free,hc_context_drift,192,96,hc_context_drift_p3,1,late,110,0.11,0.055,0.3668,0.2705,0.2906,0.2378,0.3193,0.3173,0.4161,0.3916,0.5525,0.5818,0.6279,0.7092,0.2509,0.1921,0.2359,0.2436,0.3086,0.3503,0.3315,0.3342,0.3734,0.3939,0.3539,0.3647,0.2188,0.2188,0.3438,0.5312,0.5625,0.8125,0.9375,0.9062,1.0,0.9688,1.0,0.9375
shape-free,hc_context_drift,193,96,hc_context_drift_p3,0,late,70,0.0515,0.0258,0.6287,0.7365,0.72,0.8309,0.8415,0.866,0.965,0.9679,0.9889,0.9865,0.9953,0.985,0.2471,0.1964,0.2493,0.2396,0.2451,0.2557,0.0732,0.0847,0.028,0.0601,0.009,0.0603,0.2188,0.2188,0.3438,0.5312,0.5625,0.8125,0.9375,0.9062,1.0,0.9688,1.0,0.9375
