arm,split,row,pair,part,label,klass,settles_at,delta,se,u10,u15,u20,u30,u40,u60,u80,u120,sd10,sd15,sd20,sd30,sd40,sd60,sd80,sd120,c10,c15,c20,c30,c40,c60,c80,c120
shape-free,oig_context_drift,0,0,oig_context_drift_p0,1,unsettled,120,0.0599,0.0299,0.812,0.826,0.8209,0.8745,0.8336,0.8562,0.751,0.8313,0.1688,0.1652,0.1779,0.1688,0.1633,0.16,0.2251,0.1259,0.75,0.9375,0.9688,0.875,0.8438,0.6875,0.8438,0.8125
shape-free,oig_context_drift,1,0,oig_context_drift_p0,0,late,80,0.0993,0.0496,0.3876,0.4135,0.4133,0.3317,0.3998,0.3523,0.489,0.4992,0.2662,0.2577,0.302,0.318,0.2862,0.272,0.3082,0.2362,0.75,0.9375,0.9688,0.875,0.8438,0.6875,0.8438,0.8125
shape-free,oig_context_drift,2,1,oig_context_drift_p1,1,declining,15,0.088,0.044,0.4973,0.4483,0.3992,0.3639,0.3956,0.465,0.404,0.4085,0.2595,0.2113,0.2456,0.2471,0.273,0.2655,0.2289,0.2596,0.6562,0.7188,0.7188,0.7188,0.8438,0.7812,0.875,0.8438
shape-free,oig_context_drift,3,1,oig_context_drift_p1,0,unsettled,120,0.0687,0.0344,0.6666,0.7579,0.7656,0.8466,0.8148,0.7692,0.8566,0.9415,0.2745,0.1971,0.2184,0.1893,0.2162,0.2297,0.1471,0.0827,0.6562,0.7188,0.7188,0.7188,0.8438,0.7812,0.875,0.8438
shape-free,oig_context_drift,4,2,oig_context_drift_p1,1,declining,120,0.0679,0.0339,0.5385,0.5965,0.679,0.7745,0.7283,0.6759,0.7838,0.7039,0.1826,0.1867,0.2276,0.1539,0.2329,0.2174,0.1523,0.1829,0.875,0.7812,0.8125,0.7812,0.75,0.75,0.7812,0.7812
shape-free,oig_context_drift,5,2,oig_context_drift_p1,0,declining,40,0.0823,0.0412,0.717,0.6408,0.524,0.4894,0.5114,0.5557,0.5069,0.5891,0.1871,0.2,0.2506,0.2155,0.2905,0.2179,0.2486,0.2531,0.875,0.7812,0.8125,0.7812,0.75,0.75,0.7812,0.7812
shape-free,oig_context_drift,6,3,oig_context_drift_p0,1,late,80,0.0997,0.0498,0.6348,0.6467,0.5085,0.4812,0.5971,0.4678,0.592,0.6467,0.3095,0.3005,0.3348,0.2913,0.2798,0.2618,0.248,0.2298,0.9688,0.9375,0.9688,0.9688,1.0,1.0,1.0,1.0
shape-free,oig_context_drift,7,3,oig_context_drift_p0,0,late,60,0.067,0.0335,0.6252,0.6445,0.7581,0.8586,0.8549,0.9253,0.9204,0.9742,0.3297,0.2745,0.2518,0.1641,0.1849,0.1365,0.1219,0.0519,0.9688,0.9375,0.9688,0.9688,1.0,1.0,1.0,1.0
shape-free,oig_context_drift,8,4,oig_context_drift_p0,1,unsettled,120,0.0952,0.0476,0.3707,0.3863,0.5313,0.5346,0.5462,0.534,0.655,0.7771,0.2617,0.2697,0.3085,0.2527,0.3062,0.2801,0.2369,0.238,0.6875,0.8125,0.7188,0.875,0.8125,0.7188,0.8125,0.9688
shape-free,oig_context_drift,9,4,oig_context_drift_p0,0,late,30,0.0734,0.0367,0.8251,0.8226,0.6906,0.7832,0.7634,0.7795,0.7945,0.8102,0.1973,0.1775,0.2777,0.1868,0.2578,0.1954,0.1734,0.1961,0.6875,0.8125,0.7188,0.875,0.8125,0.7188,0.8125,0.9688
shape-free,oig_context_drift,10,5,oig_context_drift_p2,1,declining,60,0.0618,0.0309,0.6741,0.6812,0.6704,0.6709,0.6714,0.5799,0.6244,0.5897,0.1813,0.1483,0.2061,0.1618,0.1783,0.1851,0.1927,0.1452,0.5625,0.7812,0.625,0.6875,0.7188,0.8125,0.75,0.75
shape-free,oig_context_drift,11,5,oig_context_drift_p2,0,late,60,0.0761,0.0381,0.4971,0.5374,0.5047,0.5298,0.5907,0.6675,0.6527,0.721,0.2482,0.2179,0.2416,0.2163,0.2358,0.1846,0.2251,0.1534,0.5625,0.7812,0.625,0.6875,0.7188,0.8125,0.75,0.75
shape-free,oig_context_drift,12,6,oig_context_drift_p0,1,late,60,0.064,0.032,0.7548,0.8289,0.774,0.7957,0.8392,0.8834,0.917,0.9087,0.2028,0.1444,0.2148,0.2033,0.1831,0.213,0.1159,0.1699,0.8438,0.9375,0.7812,0.9375,0.8125,1.0,0.9688,0.9688
shape-free,oig_context_drift,13,6,oig_context_drift_p0,0,late,60,0.0941,0.047,0.601,0.5303,0.5527,0.6778,0.5802,0.6505,0.6469,0.7324,0.2985,0.2652,0.275,0.2713,0.319,0.2491,0.2648,0.1855,0.8438,0.9375,0.7812,0.9375,0.8125,1.0,0.9688,0.9688
shape-free,oig_context_drift,14,7,oig_context_drift_p3,1,late,60,0.0988,0.0494,0.5401,0.4365,0.4644,0.5037,0.4884,0.5954,0.5213,0.6045,0.2948,0.2804,0.287,0.267,0.2856,0.2936,0.2332,0.293,0.6875,0.7188,0.875,0.875,0.9062,0.9688,0.9688,1.0
shape-free,oig_context_drift,15,7,oig_context_drift_p3,0,unsettled,120,0.0635,0.0318,0.6999,0.7292,0.725,0.7634,0.8222,0.8004,0.8764,0.9414,0.2279,0.2555,0.2313,0.1945,0.1846,0.1647,0.1087,0.07,0.6875,0.7188,0.875,0.875,0.9062,0.9688,0.9688,1.0
shape-free,oig_context_drift,16,8,oig_context_drift_p0,1,unsettled,120,0.0483,0.0242,0.6793,0.6975,0.7376,0.802,0.8512,0.8774,0.8926,0.9449,0.1905,0.1745,0.1792,0.1677,0.0919,0.1188,0.1145,0.0562,0.8438,0.9062,0.9062,0.9062,0.9062,0.9688,0.9688,1.0
shape-free,oig_context_drift,17,8,oig_context_drift_p0,0,never,10,0.0825,0.0413,0.6132,0.6052,0.6055,0.5367,0.5822,0.6131,0.6368,0.6137,0.2391,0.2346,0.2562,0.2387,0.2358,0.2307,0.2332,0.1988,0.8438,0.9062,0.9062,0.9062,0.9062,0.9688,0.9688,1.0
shape-free,oig_context_drift,18,9,oig_context_drift_p2,1,late,40,0.062,0.031,0.8102,0.8666,0.837,0.828,0.8636,0.8507,0.8976,0.9056,0.2218,0.1166,0.1826,0.1975,0.1523,0.197,0.184,0.1509,1.0,1.0,0.9688,0.9688,0.9688,0.9375,1.0,0.9688
shape-free,oig_context_drift,19,9,oig_context_drift_p2,0,never,10,0.0941,0.047,0.4406,0.3921,0.364,0.4725,0.4293,0.4354,0.3976,0.4433,0.2905,0.2006,0.2614,0.2855,0.2466,0.2904,0.2685,0.285,1.0,1.0,0.9688,0.9688,0.9688,0.9375,1.0,0.9688
shape-free,oig_context_drift,20,10,oig_context_drift_p1,1,declining,120,0.085,0.0425,0.7732,0.746,0.6951,0.7225,0.6638,0.6076,0.5767,0.443,0.1818,0.2124,0.2762,0.2257,0.3072,0.249,0.2369,0.234,0.9688,1.0,1.0,0.9688,1.0,0.9688,0.9062,0.8438
shape-free,oig_context_drift,21,10,oig_context_drift_p1,0,unsettled,120,0.093,0.0465,0.4745,0.4958,0.5139,0.5171,0.5395,0.6513,0.6749,0.798,0.2501,0.2703,0.2982,0.268,0.3345,0.2573,0.2294,0.196,0.9688,1.0,1.0,0.9688,1.0,0.9688,0.9062,0.8438
shape-free,oig_context_drift,22,11,oig_context_drift_p1,1,unsettled,120,0.0996,0.0498,0.3281,0.2949,0.3334,0.3117,0.3782,0.4199,0.4003,0.6501,0.3192,0.2575,0.2951,0.2816,0.2635,0.3097,0.2379,0.2895,0.875,0.9688,0.875,0.9375,0.9375,0.9375,0.8438,1.0
shape-free,oig_context_drift,23,11,oig_context_drift_p1,0,flat-mid,10,0.0723,0.0361,0.8462,0.8628,0.8346,0.8595,0.8839,0.8222,0.8628,0.8742,0.2181,0.1941,0.2296,0.2158,0.116,0.2606,0.2216,0.1799,0.875,0.9688,0.875,0.9375,0.9375,0.9375,0.8438,1.0
shape-free,oig_context_drift,24,12,oig_context_drift_p0,1,unsettled,120,0.0761,0.0381,0.6769,0.7123,0.6213,0.7357,0.7726,0.7159,0.7128,0.842,0.2167,0.263,0.2469,0.2056,0.2128,0.2351,0.2157,0.1263,0.9688,1.0,1.0,1.0,0.9375,1.0,1.0,1.0
shape-free,oig_context_drift,25,12,oig_context_drift_p0,0,late,80,0.0917,0.0459,0.5966,0.5156,0.6488,0.566,0.5346,0.6007,0.6503,0.7049,0.2597,0.3116,0.2521,0.2585,0.283,0.2583,0.2515,0.201,0.9688,1.0,1.0,1.0,0.9375,1.0,1.0,1.0
shape-free,oig_context_drift,26,13,oig_context_drift_p1,1,declining,60,0.1013,0.0507,0.5773,0.5419,0.542,0.5918,0.6994,0.6282,0.6079,0.5636,0.3185,0.2863,0.2883,0.282,0.2617,0.2982,0.2798,0.2776,0.5938,0.7188,0.5938,0.6875,0.75,0.8125,0.7812,0.875
shape-free,oig_context_drift,27,13,oig_context_drift_p1,0,late,80,0.1073,0.0536,0.6153,0.6517,0.6392,0.6492,0.6121,0.6604,0.7002,0.8012,0.3403,0.3295,0.3045,0.3271,0.2933,0.3028,0.2796,0.2501,0.5938,0.7188,0.5938,0.6875,0.75,0.8125,0.7812,0.875
shape-free,oig_context_drift,28,14,oig_context_drift_p1,1,unsettled,120,0.0858,0.0429,0.606,0.6086,0.6335,0.716,0.7076,0.6841,0.6967,0.7908,0.2738,0.2512,0.2634,0.2427,0.2352,0.2464,0.2504,0.178,0.8438,0.75,0.7188,0.8125,0.6875,0.6562,0.6562,0.7188
shape-free,oig_context_drift,29,14,oig_context_drift_p1,0,flat-mid,10,0.1118,0.0559,0.6862,0.6071,0.6223,0.6012,0.5917,0.5652,0.5517,0.6532,0.325,0.2771,0.3297,0.3297,0.3044,0.3141,0.3155,0.3351,0.8438,0.75,0.7188,0.8125,0.6875,0.6562,0.6562,0.7188
shape-free,oig_context_drift,30,15,oig_context_drift_p0,1,unsettled,120,0.0733,0.0366,0.6608,0.6416,0.7663,0.7928,0.7088,0.7352,0.7226,0.8112,0.2632,0.2419,0.1742,0.2081,0.2175,0.1814,0.2144,0.1567,0.9375,0.9062,0.9062,0.9375,0.9375,0.9375,0.9062,0.9062
shape-free,oig_context_drift,31,15,oig_context_drift_p0,0,late,40,0.0901,0.045,0.7023,0.6857,0.6184,0.5909,0.7117,0.7051,0.7041,0.7073,0.2214,0.2816,0.2526,0.2744,0.2901,0.2379,0.2723,0.2082,0.9375,0.9062,0.9062,0.9375,0.9375,0.9375,0.9062,0.9062
shape-free,oig_context_drift,32,16,oig_context_drift_p2,1,unsettled,120,0.0868,0.0434,0.6794,0.5765,0.6709,0.659,0.6823,0.5868,0.687,0.8731,0.2836,0.2988,0.2859,0.2167,0.2393,0.2803,0.2372,0.1222,0.8125,0.8125,0.9062,0.9375,0.9375,0.8125,0.9688,1.0
shape-free,oig_context_drift,33,16,oig_context_drift_p2,0,late,60,0.0796,0.0398,0.6205,0.7054,0.6248,0.7376,0.765,0.808,0.8114,0.8676,0.2701,0.2617,0.2996,0.2791,0.2075,0.1871,0.2058,0.0913,0.8125,0.8125,0.9062,0.9375,0.9375,0.8125,0.9688,1.0
shape-free,oig_context_drift,34,17,oig_context_drift_p2,1,unsettled,120,0.0557,0.0278,0.6928,0.6498,0.6923,0.6852,0.739,0.7614,0.7887,0.8908,0.1253,0.2065,0.1789,0.2087,0.1761,0.1587,0.1229,0.0828,0.9062,0.9688,0.75,0.9062,0.9375,0.9375,0.9688,0.9688
shape-free,oig_context_drift,35,17,oig_context_drift_p2,0,declining,120,0.0663,0.0331,0.5699,0.5736,0.4992,0.5345,0.5213,0.4739,0.4575,0.3579,0.1244,0.2233,0.2039,0.2285,0.1862,0.1768,0.19,0.1664,0.9062,0.9688,0.75,0.9062,0.9375,0.9375,0.9688,0.9688
shape-free,oig_context_drift,36,18,oig_context_drift_p0,1,declining,20,0.0751,0.0375,0.7283,0.7775,0.7152,0.7318,0.7291,0.6782,0.6595,0.6649,0.2576,0.1927,0.229,0.2093,0.2336,0.2218,0.2081,0.1467,0.9062,0.875,0.6562,0.7812,0.7188,0.6875,0.5625,0.625
shape-free,oig_context_drift,37,18,oig_context_drift_p0,0,late,80,0.0846,0.0423,0.4836,0.4483,0.4396,0.4639,0.4715,0.5462,0.5665,0.6326,0.2472,0.2335,0.2613,0.2489,0.2533,0.2648,0.2226,0.1823,0.9062,0.875,0.6562,0.7812,0.7188,0.6875,0.5625,0.625
shape-free,oig_context_drift,38,19,oig_context_drift_p0,1,declining,20,0.0896,0.0448,0.7421,0.7545,0.6649,0.6869,0.6137,0.6611,0.6366,0.6358,0.2663,0.2418,0.2847,0.2534,0.2603,0.2501,0.2884,0.1823,0.3125,0.4062,0.2188,0.4062,0.2812,0.4688,0.3125,0.3438
shape-free,oig_context_drift,39,19,oig_context_drift_p0,0,late,80,0.0987,0.0493,0.3397,0.3396,0.414,0.4225,0.4966,0.4736,0.495,0.5839,0.2953,0.2927,0.3106,0.2549,0.302,0.2848,0.2948,0.1977,0.3125,0.4062,0.2188,0.4062,0.2812,0.4688,0.3125,0.3438
shape-free,oig_context_drift,40,20,oig_context_drift_p1,1,late,30,0.0973,0.0486,0.5335,0.5548,0.5391,0.611,0.7086,0.6973,0.6701,0.6701,0.285,0.2713,0.3036,0.28,0.243,0.2759,0.286,0.2562,0.7188,0.7188,0.5938,0.6562,0.75,0.75,0.6562,0.6875
shape-free,oig_context_drift,41,20,oig_context_drift_p1,0,never,10,0.112,0.056,0.6844,0.6625,0.6366,0.5999,0.5871,0.5498,0.5554,0.6213,0.2738,0.3145,0.3344,0.3392,0.2874,0.3108,0.3356,0.3386,0.7188,0.7188,0.5938,0.6562,0.75,0.75,0.6562,0.6875
shape-free,oig_context_drift,42,21,oig_context_drift_p1,1,unsettled,120,0.0416,0.0208,0.7601,0.7845,0.8146,0.8489,0.85,0.8534,0.8942,0.9496,0.1072,0.1348,0.1675,0.1054,0.1529,0.1333,0.0915,0.0492,0.875,0.9375,0.8438,0.875,0.9688,0.8438,0.9688,0.9375
shape-free,oig_context_drift,43,21,oig_context_drift_p1,0,declining,15,0.0728,0.0364,0.5209,0.4944,0.4401,0.4488,0.4399,0.4272,0.4441,0.433,0.1428,0.1938,0.2215,0.2001,0.2393,0.2271,0.1927,0.2297,0.875,0.9375,0.8438,0.875,0.9688,0.8438,0.9688,0.9375
shape-free,oig_context_drift,44,22,oig_context_drift_p1,1,unsettled,120,0.0813,0.0406,0.2223,0.1811,0.2326,0.1881,0.2274,0.2719,0.2833,0.5375,0.2301,0.1728,0.2024,0.1844,0.2145,0.2746,0.2428,0.3178,0.7188,0.7188,0.8125,0.8438,0.7812,0.8438,0.9375,0.9688
shape-free,oig_context_drift,45,22,oig_context_drift_p1,0,late,30,0.04,0.02,0.8942,0.914,0.8976,0.9227,0.9312,0.9133,0.9315,0.9528,0.1301,0.1105,0.128,0.1093,0.0898,0.1383,0.139,0.0602,0.7188,0.7188,0.8125,0.8438,0.7812,0.8438,0.9375,0.9688
shape-free,oig_context_drift,46,23,oig_context_drift_p1,1,late,40,0.0633,0.0316,0.8341,0.7486,0.822,0.8296,0.9269,0.9077,0.8959,0.9021,0.1774,0.2511,0.1933,0.2603,0.1379,0.1564,0.1328,0.123,1.0,0.9688,0.9375,1.0,1.0,1.0,0.9062,1.0
shape-free,oig_context_drift,47,23,oig_context_drift_p1,0,unsettled,120,0.0904,0.0452,0.3239,0.4391,0.3476,0.3217,0.2072,0.2405,0.299,0.4082,0.2512,0.2993,0.2407,0.3216,0.234,0.2419,0.2181,0.2388,1.0,0.9688,0.9375,1.0,1.0,1.0,0.9062,1.0
shape-free,oig_context_drift,48,24,oig_context_drift_p3,1,never,10,0.0808,0.0404,0.6656,0.5876,0.6186,0.5789,0.636,0.6511,0.6951,0.6443,0.209,0.2405,0.2316,0.2191,0.2495,0.2444,0.2135,0.2216,0.6875,0.8125,0.7812,0.8438,0.6562,0.7812,0.7812,0.875
shape-free,oig_context_drift,49,24,oig_context_drift_p3,0,unsettled,120,0.086,0.043,0.5085,0.5881,0.5443,0.6239,0.5503,0.5765,0.5469,0.6622,0.2304,0.2808,0.2429,0.2533,0.2579,0.2405,0.2543,0.186,0.6875,0.8125,0.7812,0.8438,0.6562,0.7812,0.7812,0.875
shape-free,oig_context_drift,50,25,oig_context_drift_p2,1,declining,20,0.0896,0.0448,0.5636,0.6532,0.5143,0.4713,0.5298,0.5056,0.4955,0.5586,0.2812,0.2264,0.2888,0.285,0.2845,0.2387,0.2269,0.1968,0.5938,0.75,0.8438,0.5625,0.6875,0.6875,0.6875,0.625
shape-free,oig_context_drift,51,25,oig_context_drift_p2,0,late,20,0.0846,0.0423,0.5946,0.5493,0.6688,0.7094,0.6878,0.7128,0.7395,0.7104,0.2601,0.2533,0.258,0.2528,0.251,0.2249,0.2283,0.1848,0.5938,0.75,0.8438,0.5625,0.6875,0.6875,0.6875,0.625
shape-free,oig_context_drift,52,26,oig_context_drift_p3,1,declining,120,0.0517,0.0259,0.813,0.8146,0.8099,0.8301,0.8636,0.8956,0.9177,0.8557,0.1661,0.16,0.1937,0.1502,0.1474,0.1196,0.1007,0.1332,0.8438,0.8438,0.8438,0.9062,0.9375,0.9375,0.9062,0.9688
shape-free,oig_context_drift,53,26,oig_context_drift_p3,0,unsettled,120,0.0928,0.0464,0.3963,0.3929,0.3909,0.4124,0.4209,0.3396,0.3223,0.4969,0.2985,0.2731,0.2641,0.2938,0.2254,0.2364,0.243,0.2651,0.8438,0.8438,0.8438,0.9062,0.9375,0.9375,0.9062,0.9688
shape-free,oig_context_drift,54,27,oig_context_drift_p1,1,late,80,0.0433,0.0216,0.7486,0.778,0.8093,0.8642,0.851,0.8528,0.9022,0.908,0.1515,0.1158,0.1315,0.1207,0.1541,0.1226,0.0927,0.0897,1.0,1.0,1.0,1.0,1.0,1.0,1.0,1.0
shape-free,oig_context_drift,55,27,oig_context_drift_p1,0,unsettled,120,0.0732,0.0366,0.6203,0.6403,0.5081,0.5032,0.5232,0.5886,0.4876,0.5776,0.2221,0.1549,0.2076,0.2179,0.2332,0.1975,0.2007,0.2229,1.0,1.0,1.0,1.0,1.0,1.0,1.0,1.0
shape-free,oig_context_drift,56,28,oig_context_drift_p2,1,flat-mid,10,0.0747,0.0374,0.7167,0.6342,0.7167,0.7191,0.6616,0.6596,0.6931,0.6712,0.1835,0.225,0.2136,0.21,0.2361,0.1985,0.2009,0.2236,0.9688,1.0,0.9375,0.9375,0.9062,0.9688,0.875,1.0
shape-free,oig_context_drift,57,28,oig_context_drift_p2,0,unsettled,120,0.0838,0.0419,0.5264,0.5725,0.4837,0.4994,0.5915,0.6276,0.602,0.6865,0.2342,0.2383,0.2321,0.2479,0.2283,0.2404,0.2547,0.2214,0.9688,1.0,0.9375,0.9375,0.9062,0.9688,0.875,1.0
shape-free,oig_context_drift,58,29,oig_context_drift_p1,1,unsettled,120,0.0754,0.0377,0.5137,0.4056,0.4807,0.5122,0.4821,0.524,0.5298,0.7437,0.222,0.2139,0.2008,0.2288,0.2196,0.2177,0.1903,0.2134,0.6562,0.7188,0.9062,0.8438,0.875,0.9688,0.9688,1.0
shape-free,oig_context_drift,59,29,oig_context_drift_p1,0,late,40,0.0661,0.033,0.6646,0.7547,0.6952,0.7159,0.7666,0.7769,0.8038,0.812,0.1812,0.1716,0.2017,0.2116,0.1803,0.2049,0.1963,0.1478,0.6562,0.7188,0.9062,0.8438,0.875,0.9688,0.9688,1.0
shape-free,oig_context_drift,60,30,oig_context_drift_p2,1,unsettled,120,0.0602,0.0301,0.6213,0.6872,0.6811,0.703,0.7307,0.7572,0.7898,0.8629,0.2018,0.2026,0.1953,0.1865,0.174,0.1928,0.1253,0.0834,0.9375,0.9688,0.9688,0.9688,1.0,0.9688,0.9688,1.0
shape-free,oig_context_drift,61,30,oig_context_drift_p2,0,late,30,0.0709,0.0354,0.7347,0.6553,0.6132,0.6757,0.732,0.6627,0.6406,0.6943,0.1921,0.1803,0.2183,0.2112,0.1582,0.2457,0.204,0.1937,0.9375,0.9688,0.9688,0.9688,1.0,0.9688,0.9688,1.0
shape-free,oig_context_drift,62,31,oig_context_drift_p3,1,late,60,0.0607,0.0304,0.6551,0.6823,0.6189,0.6649,0.6488,0.7299,0.6804,0.7186,0.1513,0.1736,0.1583,0.1976,0.1694,0.1793,0.1651,0.1799,0.875,0.9688,0.7812,0.9688,0.8438,0.9375,0.8438,0.9062
shape-free,oig_context_drift,63,31,oig_context_drift_p3,0,unsettled,120,0.0591,0.0295,0.6588,0.6654,0.6844,0.7051,0.7063,0.711,0.7039,0.7935,0.1753,0.1775,0.1409,0.1849,0.1817,0.182,0.1624,0.1315,0.875,0.9688,0.7812,0.9688,0.8438,0.9375,0.8438,0.9062
shape-free,oig_context_drift,64,32,oig_context_drift_p1,1,declining,120,0.0862,0.0431,0.6931,0.7392,0.673,0.684,0.6782,0.7118,0.6956,0.5994,0.2576,0.244,0.2213,0.2369,0.2653,0.2227,0.2418,0.2604,0.8125,0.9375,0.8125,0.8438,0.75,0.6875,0.625,0.625
shape-free,oig_context_drift,65,32,oig_context_drift_p1,0,unsettled,120,0.0936,0.0468,0.4744,0.4317,0.4921,0.5246,0.5372,0.4778,0.5069,0.6208,0.2953,0.2789,0.2694,0.2608,0.2552,0.2653,0.2382,0.2558,0.8125,0.9375,0.8125,0.8438,0.75,0.6875,0.625,0.625
shape-free,oig_context_drift,66,33,oig_context_drift_p3,1,flat-mid,10,0.0778,0.0389,0.7063,0.7146,0.6314,0.7218,0.6907,0.6472,0.7163,0.6828,0.2062,0.2192,0.219,0.2169,0.2145,0.2317,0.2233,0.2288,1.0,0.9688,0.8438,0.875,0.75,0.6562,0.6875,0.4688
shape-free,oig_context_drift,67,33,oig_context_drift_p3,0,declining,30,0.0772,0.0386,0.5931,0.5691,0.6387,0.5532,0.5791,0.5828,0.5274,0.553,0.1902,0.2504,0.1937,0.2586,0.2198,0.2137,0.2167,0.2033,1.0,0.9688,0.8438,0.875,0.75,0.6562,0.6875,0.4688
shape-free,oig_context_drift,68,34,oig_context_drift_p3,1,late,80,0.0787,0.0393,0.2381,0.2376,0.254,0.309,0.3695,0.3215,0.4298,0.4655,0.2145,0.1845,0.2059,0.2325,0.2433,0.217,0.247,0.2361,0.7812,0.6875,0.875,0.75,0.8438,0.8438,0.9375,0.875
shape-free,oig_context_drift,69,34,oig_context_drift_p3,0,late,60,0.0476,0.0238,0.9109,0.87,0.9146,0.8715,0.87,0.9256,0.9088,0.9182,0.1173,0.15,0.1109,0.1817,0.1654,0.1269,0.1245,0.1005,0.7812,0.6875,0.875,0.75,0.8438,0.8438,0.9375,0.875
shape-free,oig_context_drift,70,35,oig_context_drift_p2,1,never,10,0.0993,0.0497,0.475,0.4774,0.3257,0.3238,0.3947,0.3041,0.4064,0.3813,0.3082,0.314,0.2794,0.2365,0.2876,0.2562,0.3125,0.2536,0.9688,1.0,0.9375,1.0,0.9688,0.9688,0.7188,0.625
shape-free,oig_context_drift,71,35,oig_context_drift_p2,0,declining,80,0.03,0.0113,0.9965,0.995,0.9874,0.9882,0.9589,0.9758,0.9294,0.9104,0.0072,0.0117,0.0335,0.0184,0.1564,0.0852,0.1147,0.0842,0.9688,1.0,0.9375,1.0,0.9688,0.9688,0.7188,0.625
shape-free,oig_context_drift,72,36,oig_context_drift_p3,1,unsettled,120,0.07,0.035,0.4965,0.5989,0.5222,0.5923,0.6806,0.658,0.7247,0.8028,0.2057,0.201,0.2266,0.2286,0.2277,0.2061,0.1671,0.1217,0.8438,0.875,0.8125,0.7812,0.875,0.9062,0.6875,0.75
shape-free,oig_context_drift,73,36,oig_context_drift_p3,0,declining,80,0.0782,0.0391,0.7801,0.6596,0.6888,0.6479,0.5836,0.6266,0.529,0.4792,0.1775,0.2056,0.2266,0.2405,0.2333,0.2427,0.2275,0.2163,0.8438,0.875,0.8125,0.7812,0.875,0.9062,0.6875,0.75
shape-free,oig_context_drift,74,37,oig_context_drift_p1,1,late,80,0.0803,0.0401,0.6337,0.6455,0.6716,0.5796,0.5781,0.6535,0.6935,0.7349,0.2361,0.1918,0.2317,0.2739,0.2487,0.222,0.2002,0.2117,0.875,0.9062,0.9062,0.8438,0.9375,0.9062,0.9688,0.9688
shape-free,oig_context_drift,75,37,oig_context_drift_p1,0,late,30,0.0868,0.0434,0.659,0.6524,0.6546,0.76,0.7861,0.7403,0.7444,0.7545,0.2423,0.2091,0.2674,0.2332,0.2197,0.2669,0.2513,0.2751,0.875,0.9062,0.9062,0.8438,0.9375,0.9062,0.9688,0.9688
shape-free,oig_context_drift,76,38,oig_context_drift_p2,1,declining,60,0.0881,0.0441,0.6733,0.6691,0.6778,0.5883,0.5815,0.491,0.4808,0.4459,0.2801,0.2276,0.2355,0.2667,0.2839,0.2327,0.2442,0.223,0.7188,0.8125,0.8125,0.6562,0.7812,0.8438,0.5,0.5
shape-free,oig_context_drift,77,38,oig_context_drift_p2,0,late,60,0.0871,0.0435,0.4776,0.543,0.5155,0.583,0.6045,0.7595,0.7138,0.7772,0.3169,0.265,0.2599,0.2864,0.2521,0.1911,0.2001,0.1991,0.7188,0.8125,0.8125,0.6562,0.7812,0.8438,0.5,0.5
shape-free,oig_context_drift,78,39,oig_context_drift_p2,1,late,30,0.0663,0.0332,0.7092,0.7271,0.6667,0.7384,0.7484,0.7437,0.7709,0.8011,0.1941,0.1624,0.2436,0.1717,0.2175,0.192,0.174,0.1459,0.9688,0.9375,0.8125,0.8438,0.9062,0.8125,0.875,0.6562
shape-free,oig_context_drift,79,39,oig_context_drift_p2,0,never,10,0.0811,0.0405,0.5583,0.5628,0.5538,0.5031,0.5097,0.5362,0.4832,0.4921,0.2236,0.2031,0.2158,0.221,0.2391,0.257,0.2538,0.2216,0.9688,0.9375,0.8125,0.8438,0.9062,0.8125,0.875,0.6562
shape-free,oig_context_drift,80,40,oig_context_drift_p0,1,declining,20,0.0976,0.0488,0.7165,0.7345,0.6015,0.5786,0.6258,0.6332,0.6094,0.5451,0.3022,0.2344,0.3227,0.2908,0.2897,0.2735,0.2723,0.222,0.4688,0.4375,0.5312,0.6562,0.625,0.75,0.7188,0.8125
shape-free,oig_context_drift,81,40,oig_context_drift_p0,0,unsettled,120,0.1,0.05,0.3926,0.3676,0.5026,0.5867,0.5456,0.5702,0.6142,0.7701,0.3243,0.2701,0.3319,0.3096,0.2909,0.2836,0.2883,0.1646,0.4688,0.4375,0.5312,0.6562,0.625,0.75,0.7188,0.8125
shape-free,oig_context_drift,82,41,oig_context_drift_p0,1,unsettled,120,0.0749,0.0375,0.667,0.708,0.7373,0.6688,0.7081,0.7197,0.6815,0.7634,0.2438,0.1861,0.196,0.2568,0.1851,0.2295,0.2189,0.1786,0.8438,0.8438,0.7188,0.75,0.6875,0.625,0.5,0.4688
shape-free,oig_context_drift,83,41,oig_context_drift_p0,0,declining,60,0.0993,0.0497,0.5641,0.5105,0.4618,0.5593,0.5625,0.4823,0.4981,0.4597,0.2712,0.2721,0.2755,0.3012,0.3043,0.2889,0.2588,0.276,0.8438,0.8438,0.7188,0.75,0.6875,0.625,0.5,0.4688
shape-free,oig_context_drift,84,42,oig_context_drift_p1,1,unsettled,120,0.0798,0.0399,0.6996,0.6111,0.6566,0.6558,0.6482,0.6761,0.6424,0.7526,0.2047,0.2651,0.2236,0.2389,0.2532,0.2395,0.1959,0.1839,0.9062,0.9688,0.9375,1.0,1.0,1.0,1.0,1.0
shape-free,oig_context_drift,85,42,oig_context_drift_p1,0,late,80,0.0725,0.0362,0.6142,0.6638,0.6369,0.6606,0.7598,0.7444,0.7877,0.8368,0.2119,0.2387,0.2604,0.232,0.1586,0.2147,0.1854,0.1379,0.9062,0.9688,0.9375,1.0,1.0,1.0,1.0,1.0
shape-free,oig_context_drift,86,43,oig_context_drift_p1,1,declining,120,0.0804,0.0402,0.5994,0.5048,0.4306,0.3866,0.3636,0.398,0.3652,0.4534,0.2491,0.2637,0.2562,0.1731,0.2069,0.2063,0.1694,0.2942,0.4375,0.4375,0.5938,0.625,0.6562,0.7188,0.7812,0.9375
shape-free,oig_context_drift,87,43,oig_context_drift_p1,0,unsettled,120,0.0546,0.0273,0.5651,0.6418,0.7339,0.809,0.8064,0.8291,0.8779,0.9449,0.2489,0.242,0.1894,0.1454,0.1599,0.1077,0.0798,0.0626,0.4375,0.4375,0.5938,0.625,0.6562,0.7188,0.7812,0.9375
shape-free,oig_context_drift,88,44,oig_context_drift_p1,1,declining,120,0.0812,0.0406,0.799,0.8478,0.7374,0.6823,0.6927,0.7097,0.7068,0.5812,0.2108,0.1535,0.2708,0.271,0.2438,0.2234,0.207,0.257,1.0,1.0,0.9062,1.0,0.9375,0.9062,0.8125,0.6875
shape-free,oig_context_drift,89,44,oig_context_drift_p1,0,unsettled,120,0.0914,0.0457,0.4224,0.3286,0.4348,0.5583,0.5754,0.5419,0.5259,0.6774,0.2263,0.2593,0.2704,0.3004,0.2589,0.2562,0.2424,0.2549,1.0,1.0,0.9062,1.0,0.9375,0.9062,0.8125,0.6875
shape-free,oig_context_drift,90,45,oig_context_drift_p1,1,flat-mid,10,0.0748,0.0374,0.6658,0.5844,0.6624,0.6511,0.5888,0.6902,0.6883,0.6572,0.2423,0.2309,0.2276,0.2517,0.2313,0.1758,0.1882,0.1448,0.9688,0.9062,0.8438,0.9062,0.9062,1.0,0.9375,0.9375
shape-free,oig_context_drift,91,45,oig_context_drift_p1,0,late,40,0.0804,0.0402,0.6406,0.7096,0.5931,0.6013,0.7386,0.7181,0.6878,0.7676,0.2781,0.2084,0.2781,0.2541,0.2035,0.1809,0.2289,0.1881,0.9688,0.9062,0.8438,0.9062,0.9062,1.0,0.9375,0.9375
shape-free,oig_context_drift,92,46,oig_context_drift_p2,1,late,80,0.0727,0.0364,0.4507,0.4178,0.5398,0.6534,0.6608,0.6187,0.6464,0.7076,0.2326,0.1853,0.2364,0.2001,0.1871,0.2247,0.237,0.1424,0.875,0.9062,0.9375,0.9688,0.9688,0.9062,0.9375,0.9688
shape-free,oig_context_drift,93,46,oig_context_drift_p2,0,declining,20,0.0687,0.0343,0.7906,0.8043,0.6709,0.6102,0.6477,0.6667,0.6351,0.6542,0.1544,0.1387,0.2323,0.2033,0.2044,0.2036,0.2341,0.1828,0.875,0.9062,0.9375,0.9688,0.9688,0.9062,0.9375,0.9688
shape-free,oig_context_drift,94,47,oig_context_drift_p2,1,declining,30,0.0863,0.0432,0.6369,0.5641,0.7014,0.5607,0.5544,0.5148,0.4784,0.4873,0.2458,0.2438,0.1839,0.2544,0.2618,0.2303,0.2709,0.262,0.875,0.9375,0.875,0.9062,0.9375,0.875,0.9688,0.9688
shape-free,oig_context_drift,95,47,oig_context_drift_p2,0,late,80,0.0832,0.0416,0.5517,0.6281,0.4919,0.6395,0.6746,0.7379,0.7729,0.8518,0.2818,0.2615,0.2106,0.247,0.2558,0.211,0.2354,0.1785,0.875,0.9375,0.875,0.9062,0.9375,0.875,0.9688,0.9688
shape-free,oig_context_drift,96,48,oig_context_drift_p3,1,late,40,0.0691,0.0345,0.5122,0.5248,0.5733,0.6936,0.7519,0.774,0.7726,0.8168,0.2003,0.197,0.2038,0.2307,0.1846,0.2069,0.1825,0.1567,1.0,1.0,1.0,1.0,1.0,1.0,0.9688,1.0
shape-free,oig_context_drift,97,48,oig_context_drift_p3,0,declining,30,0.0756,0.0378,0.816,0.7706,0.7057,0.6178,0.6068,0.5841,0.6066,0.5995,0.1551,0.1726,0.1896,0.2403,0.2314,0.2376,0.2501,0.234,1.0,1.0,1.0,1.0,1.0,1.0,0.9688,1.0
shape-free,oig_context_drift,98,49,oig_context_drift_p2,1,declining,20,0.0709,0.0354,0.645,0.6939,0.5735,0.5823,0.6625,0.5957,0.6134,0.6052,0.2222,0.1903,0.2419,0.2012,0.2041,0.1741,0.1874,0.1823,0.8438,0.9375,0.9062,0.8438,0.875,0.7812,0.7188,0.5312
shape-free,oig_context_drift,99,49,oig_context_drift_p2,0,declining,80,0.0687,0.0343,0.6653,0.6429,0.7336,0.7418,0.7081,0.7452,0.6753,0.6579,0.2322,0.2361,0.1942,0.1653,0.1916,0.1653,0.1745,0.1947,0.8438,0.9375,0.9062,0.8438,0.875,0.7812,0.7188,0.5312
shape-free,oig_context_drift,100,50,oig_context_drift_p1,1,unsettled,120,0.0808,0.0404,0.3644,0.3296,0.3259,0.3948,0.4185,0.4274,0.4119,0.5493,0.2889,0.1959,0.1775,0.2344,0.2296,0.2479,0.216,0.2383,0.9375,1.0,0.9375,1.0,1.0,0.875,1.0,1.0
shape-free,oig_context_drift,101,50,oig_context_drift_p1,0,late,80,0.0402,0.0201,0.8599,0.8608,0.8678,0.862,0.8666,0.8718,0.9196,0.9404,0.1552,0.099,0.1121,0.1358,0.129,0.1539,0.0696,0.0557,0.9375,1.0,0.9375,1.0,1.0,0.875,1.0,1.0
shape-free,oig_context_drift,102,51,oig_context_drift_p3,1,late,40,0.0685,0.0343,0.5559,0.5775,0.6575,0.6445,0.7297,0.75,0.7445,0.7568,0.2251,0.2269,0.1901,0.2326,0.18,0.1651,0.1604,0.1709,0.9375,0.9688,0.9688,0.9375,1.0,1.0,0.9688,1.0
shape-free,oig_context_drift,103,51,oig_context_drift_p3,0,late,30,0.0671,0.0335,0.7276,0.7131,0.6398,0.6815,0.6709,0.6778,0.6854,0.7165,0.1724,0.2041,0.2019,0.2163,0.1904,0.1577,0.2055,0.1697,0.9375,0.9688,0.9688,0.9375,1.0,1.0,0.9688,1.0
shape-free,oig_context_drift,104,52,oig_context_drift_p2,1,late,80,0.078,0.039,0.4127,0.3504,0.4069,0.4757,0.4138,0.404,0.4894,0.5507,0.2096,0.2309,0.2606,0.2292,0.2074,0.2274,0.2017,0.1985,0.9062,0.9062,0.9688,0.9688,0.9688,1.0,0.9688,0.9375
shape-free,oig_context_drift,105,52,oig_context_drift_p2,0,flat-mid,10,0.065,0.0325,0.8012,0.8136,0.7859,0.7556,0.8438,0.8249,0.8011,0.8178,0.1693,0.2024,0.2132,0.1961,0.1317,0.1978,0.1777,0.1837,0.9062,0.9062,0.9688,0.9688,0.9688,1.0,0.9688,0.9375
shape-free,oig_context_drift,106,53,oig_context_drift_p0,1,late,80,0.0507,0.0253,0.8373,0.7941,0.8389,0.7903,0.8908,0.8906,0.9267,0.9433,0.1796,0.1749,0.1594,0.202,0.1099,0.1526,0.0897,0.0786,0.9688,1.0,1.0,1.0,1.0,1.0,1.0,1.0
shape-free,oig_context_drift,107,53,oig_context_drift_p0,0,late,30,0.1023,0.0512,0.417,0.5321,0.4021,0.5628,0.4907,0.4855,0.4979,0.5668,0.3067,0.2628,0.2792,0.3003,0.2987,0.2864,0.2906,0.2902,0.9688,1.0,1.0,1.0,1.0,1.0,1.0,1.0
shape-free,oig_context_drift,108,54,oig_context_drift_p0,1,declining,60,0.0663,0.0331,0.384,0.3054,0.3413,0.3781,0.3663,0.2606,0.3312,0.2829,0.1981,0.1916,0.2467,0.1921,0.1957,0.1468,0.1928,0.136,0.9688,0.9688,0.9062,0.9688,0.9688,0.9375,0.9062,0.7812
shape-free,oig_context_drift,109,54,oig_context_drift_p0,0,late,40,0.0467,0.0233,0.8476,0.8737,0.8344,0.8259,0.8647,0.9108,0.8708,0.9093,0.1309,0.1408,0.1926,0.143,0.1099,0.1017,0.1446,0.0922,0.9688,0.9688,0.9062,0.9688,0.9688,0.9375,0.9062,0.7812
shape-free,oig_context_drift,110,55,oig_context_drift_p0,1,late,30,0.0741,0.0371,0.5825,0.6322,0.5656,0.6168,0.6463,0.6509,0.6348,0.6817,0.2589,0.2694,0.2164,0.201,0.2079,0.1979,0.1605,0.1646,0.5625,0.625,0.5625,0.7188,0.7812,0.6562,0.5938,0.75
shape-free,oig_context_drift,111,55,oig_context_drift_p0,0,never,10,0.0783,0.0391,0.6021,0.5582,0.624,0.6322,0.6482,0.5947,0.6062,0.6356,0.2374,0.2748,0.2095,0.2146,0.1891,0.2223,0.2206,0.2029,0.5625,0.625,0.5625,0.7188,0.7812,0.6562,0.5938,0.75
shape-free,oig_context_drift,112,56,oig_context_drift_p3,1,late,80,0.0405,0.0203,0.7767,0.7434,0.7664,0.8897,0.904,0.9035,0.9609,0.981,0.197,0.1586,0.1945,0.1009,0.0776,0.1174,0.043,0.0277,0.9688,1.0,0.9062,0.9688,0.9688,0.9688,0.9375,0.9375
shape-free,oig_context_drift,113,56,oig_context_drift_p3,0,declining,80,0.0802,0.0401,0.4965,0.5825,0.5126,0.3458,0.3711,0.3446,0.2105,0.1706,0.2531,0.2403,0.2993,0.2255,0.2213,0.221,0.154,0.1993,0.9688,1.0,0.9062,0.9688,0.9688,0.9688,0.9375,0.9375
shape-free,oig_context_drift,114,57,oig_context_drift_p1,1,unsettled,120,0.0698,0.0349,0.6163,0.5991,0.6226,0.6213,0.6024,0.5424,0.5277,0.6498,0.1771,0.1928,0.19,0.2008,0.2306,0.2096,0.2222,0.156,0.875,0.9062,0.8125,0.8125,0.875,0.7812,0.75,0.9688
shape-free,oig_context_drift,115,57,oig_context_drift_p1,0,late,60,0.0685,0.0343,0.6197,0.6463,0.5743,0.5876,0.6484,0.7096,0.7308,0.7627,0.1809,0.1976,0.2173,0.2149,0.2197,0.1763,0.1922,0.1516,0.875,0.9062,0.8125,0.8125,0.875,0.7812,0.75,0.9688
shape-free,oig_context_drift,116,58,oig_context_drift_p0,1,declining,60,0.0974,0.0487,0.41,0.4723,0.3304,0.4691,0.3755,0.3294,0.3347,0.25,0.3119,0.2767,0.2992,0.3504,0.2827,0.2364,0.2296,0.2175,1.0,1.0,1.0,0.9688,1.0,0.9688,0.875,0.6562
shape-free,oig_context_drift,117,58,oig_context_drift_p0,0,declining,80,0.03,0.0134,0.982,0.9731,0.989,0.9489,0.9665,0.9725,0.9435,0.9357,0.027,0.0729,0.0245,0.1244,0.1413,0.0548,0.0968,0.0648,1.0,1.0,1.0,0.9688,1.0,0.9688,0.875,0.6562
shape-free,oig_context_drift,118,59,oig_context_drift_p2,1,unsettled,120,0.0739,0.037,0.3998,0.2605,0.3586,0.3236,0.3752,0.419,0.4003,0.4765,0.2223,0.185,0.1952,0.2084,0.2145,0.237,0.18,0.2309,1.0,0.9375,0.9688,1.0,1.0,1.0,1.0,0.9688
shape-free,oig_context_drift,119,59,oig_context_drift_p2,0,early,15,0.0394,0.0197,0.8247,0.9108,0.8736,0.8943,0.9008,0.8921,0.9114,0.9109,0.1698,0.1036,0.1039,0.0975,0.0926,0.1111,0.0959,0.1172,1.0,0.9375,0.9688,1.0,1.0,1.0,1.0,0.9688
shape-free,oig_context_drift,120,60,oig_context_drift_p2,1,declining,40,0.0774,0.0387,0.6305,0.5784,0.6295,0.7289,0.7054,0.6693,0.6817,0.6447,0.2552,0.2473,0.2302,0.1992,0.1791,0.213,0.1942,0.2332,0.8438,0.875,0.9062,0.8438,0.9062,0.8125,0.875,0.625
shape-free,oig_context_drift,121,60,oig_context_drift_p2,0,declining,40,0.0785,0.0393,0.6859,0.7494,0.6796,0.5453,0.6674,0.6786,0.6395,0.626,0.2611,0.1963,0.2215,0.2611,0.1994,0.1946,0.2119,0.2315,0.8438,0.875,0.9062,0.8438,0.9062,0.8125,0.875,0.625
shape-free,oig_context_drift,122,61,oig_context_drift_p2,1,late,80,0.0762,0.0381,0.6279,0.6807,0.5582,0.6053,0.5862,0.5805,0.6279,0.6582,0.2711,0.229,0.2006,0.2177,0.1817,0.227,0.2103,0.1869,0.875,0.9375,0.9062,0.8438,0.9688,1.0,0.9375,1.0
shape-free,oig_context_drift,123,61,oig_context_drift_p2,0,unsettled,120,0.0632,0.0316,0.6079,0.6611,0.7183,0.679,0.745,0.7954,0.7315,0.8157,0.2506,0.2135,0.1631,0.2135,0.1674,0.1467,0.1593,0.1151,0.875,0.9375,0.9062,0.8438,0.9688,1.0,0.9375,1.0
shape-free,oig_context_drift,124,62,oig_context_drift_p2,1,late,60,0.0526,0.0263,0.8346,0.7977,0.8584,0.8634,0.8336,0.8665,0.8676,0.888,0.2114,0.1475,0.0942,0.1729,0.1714,0.1487,0.1368,0.1082,0.9688,0.9375,0.9375,1.0,0.9688,0.9688,0.9688,0.9688
shape-free,oig_context_drift,125,62,oig_context_drift_p2,0,late,40,0.0905,0.0452,0.3984,0.481,0.3848,0.3697,0.4919,0.4563,0.4762,0.5242,0.2668,0.2559,0.2184,0.2601,0.2711,0.2998,0.2616,0.2135,0.9688,0.9375,0.9375,1.0,0.9688,0.9688,0.9688,0.9688
shape-free,oig_context_drift,126,63,oig_context_drift_p3,1,late,40,0.0375,0.0187,0.909,0.8869,0.8951,0.852,0.9093,0.8955,0.9067,0.9067,0.0978,0.1287,0.0871,0.1483,0.0739,0.1157,0.0937,0.1026,0.9375,1.0,0.875,0.9375,1.0,1.0,1.0,1.0
shape-free,oig_context_drift,127,63,oig_context_drift_p3,0,late,60,0.0712,0.0356,0.2078,0.2442,0.237,0.332,0.2906,0.3093,0.3062,0.3639,0.1724,0.2107,0.1572,0.2319,0.1888,0.2457,0.2015,0.2027,0.9375,1.0,0.875,0.9375,1.0,1.0,1.0,1.0
shape-free,oig_context_drift,128,64,oig_context_drift_p2,1,unsettled,120,0.0706,0.0353,0.6728,0.6498,0.6799,0.7495,0.605,0.7361,0.7159,0.8139,0.2295,0.2119,0.1993,0.1977,0.2508,0.2033,0.1705,0.1349,0.8125,0.6875,0.9062,0.8125,0.7812,0.7188,0.8438,0.9375
shape-free,oig_context_drift,129,64,oig_context_drift_p2,0,late,80,0.0849,0.0424,0.6033,0.5184,0.5448,0.472,0.6463,0.4855,0.5767,0.6066,0.2168,0.2288,0.2439,0.258,0.2403,0.2571,0.2323,0.2429,0.8125,0.6875,0.9062,0.8125,0.7812,0.7188,0.8438,0.9375
shape-free,oig_context_drift,130,65,oig_context_drift_p3,1,late,60,0.081,0.0405,0.547,0.5493,0.6094,0.6124,0.6074,0.6608,0.6648,0.7231,0.2728,0.2228,0.2444,0.1911,0.2283,0.2412,0.2307,0.2007,1.0,0.9688,1.0,0.9688,0.9062,0.9375,1.0,1.0
shape-free,oig_context_drift,131,65,oig_context_drift_p3,0,unsettled,120,0.0728,0.0364,0.6965,0.6935,0.6648,0.7237,0.7144,0.6843,0.7701,0.8916,0.2353,0.2171,0.2414,0.1774,0.2337,0.2252,0.2034,0.1143,1.0,0.9688,1.0,0.9688,0.9062,0.9375,1.0,1.0
shape-free,oig_context_drift,132,66,oig_context_drift_p3,1,declining,80,0.0781,0.0391,0.529,0.5245,0.5269,0.4997,0.4957,0.5559,0.4823,0.4158,0.219,0.2237,0.2039,0.2389,0.2252,0.2505,0.2123,0.194,0.9375,0.9375,1.0,1.0,1.0,1.0,1.0,1.0
shape-free,oig_context_drift,133,66,oig_context_drift_p3,0,unsettled,120,0.0661,0.0331,0.716,0.7289,0.715,0.7418,0.779,0.7386,0.8206,0.9265,0.2247,0.2215,0.1751,0.2176,0.2035,0.2069,0.1694,0.0778,0.9375,0.9375,1.0,1.0,1.0,1.0,1.0,1.0
shape-free,oig_context_drift,134,67,oig_context_drift_p2,1,unsettled,120,0.0907,0.0454,0.5583,0.6126,0.5963,0.5672,0.6873,0.5955,0.6044,0.7073,0.3044,0.2607,0.2507,0.2462,0.2522,0.2871,0.2607,0.1906,1.0,1.0,1.0,0.9688,1.0,1.0,0.9375,1.0
shape-free,oig_context_drift,135,67,oig_context_drift_p2,0,late,60,0.0455,0.0228,0.8927,0.8692,0.8995,0.8724,0.8307,0.9027,0.9104,0.8805,0.1079,0.1349,0.0847,0.1513,0.1731,0.1208,0.1365,0.1204,1.0,1.0,1.0,0.9688,1.0,1.0,0.9375,1.0
shape-free,oig_context_drift,136,68,oig_context_drift_p3,1,unsettled,120,0.0806,0.0403,0.5541,0.4977,0.6116,0.5459,0.4691,0.5722,0.5143,0.6271,0.2431,0.2355,0.2463,0.2033,0.2259,0.2231,0.1932,0.2543,0.4688,0.3438,0.6562,0.6562,0.7812,0.5,0.8125,0.9375
shape-free,oig_context_drift,137,68,oig_context_drift_p3,0,unsettled,120,0.0682,0.0341,0.6334,0.6598,0.5614,0.6811,0.7353,0.6687,0.763,0.8466,0.1903,0.2195,0.2589,0.1628,0.2021,0.2141,0.1537,0.1422,0.4688,0.3438,0.6562,0.6562,0.7812,0.5,0.8125,0.9375
shape-free,oig_context_drift,138,69,oig_context_drift_p3,1,unsettled,120,0.0769,0.0384,0.3969,0.3067,0.3323,0.3189,0.3046,0.3243,0.2308,0.3673,0.2687,0.2205,0.2055,0.2047,0.2105,0.1909,0.1679,0.2712,0.8125,0.875,0.9062,0.875,0.9375,0.9375,0.9688,0.9375
shape-free,oig_context_drift,139,69,oig_context_drift_p3,0,late,80,0.0409,0.0205,0.8259,0.8882,0.8623,0.8736,0.9034,0.9069,0.957,0.9729,0.1972,0.1055,0.1133,0.1104,0.1386,0.134,0.086,0.0414,0.8125,0.875,0.9062,0.875,0.9375,0.9375,0.9688,0.9375
shape-free,oig_context_drift,140,70,oig_context_drift_p0,1,flat-mid,10,0.0614,0.0307,0.8128,0.8394,0.8452,0.8774,0.8352,0.8507,0.8415,0.8692,0.1854,0.2059,0.1625,0.1722,0.1898,0.1725,0.1625,0.1376,0.7812,0.875,0.75,0.7812,0.875,0.7812,0.7188,0.8438
shape-free,oig_context_drift,141,70,oig_context_drift_p0,0,late,40,0.0854,0.0427,0.3362,0.2767,0.2693,0.2379,0.3135,0.3102,0.3299,0.3737,0.2145,0.269,0.2179,0.2543,0.2532,0.2324,0.2366,0.2537,0.7812,0.875,0.75,0.7812,0.875,0.7812,0.7188,0.8438
shape-free,oig_context_drift,142,71,oig_context_drift_p2,1,unsettled,120,0.0999,0.0499,0.6028,0.5528,0.638,0.6534,0.6757,0.6293,0.5976,0.7139,0.3114,0.3356,0.2934,0.2891,0.234,0.3222,0.2486,0.2259,0.75,0.75,0.8125,0.8125,0.8438,0.9062,0.9688,0.9688
shape-free,oig_context_drift,143,71,oig_context_drift_p2,0,late,40,0.1047,0.0524,0.611,0.6617,0.5631,0.5946,0.6144,0.7012,0.7552,0.7162,0.3208,0.2939,0.3018,0.3298,0.27,0.2893,0.2749,0.2891,0.75,0.75,0.8125,0.8125,0.8438,0.9062,0.9688,0.9688
shape-free,oig_context_drift,144,72,oig_context_drift_p0,1,declining,20,0.0932,0.0466,0.4059,0.4001,0.2806,0.2431,0.287,0.3307,0.2993,0.2603,0.3098,0.3071,0.2524,0.2681,0.2636,0.2646,0.2628,0.1808,0.5625,0.625,0.5312,0.5938,0.5625,0.5312,0.8438,0.75
shape-free,oig_context_drift,145,72,oig_context_drift_p0,0,late,80,0.0833,0.0416,0.6885,0.7349,0.792,0.8323,0.8196,0.787,0.889,0.9385,0.3285,0.265,0.2552,0.2638,0.2333,0.2793,0.1685,0.0909,0.5625,0.625,0.5312,0.5938,0.5625,0.5312,0.8438,0.75
shape-free,oig_context_drift,146,73,oig_context_drift_p3,1,unsettled,120,0.0484,0.0242,0.8727,0.8653,0.7903,0.8061,0.822,0.8144,0.7511,0.8388,0.1143,0.1649,0.1471,0.1584,0.135,0.105,0.1518,0.1189,0.9688,1.0,0.875,0.9375,0.9375,0.9375,0.9062,0.875
shape-free,oig_context_drift,147,73,oig_context_drift_p3,0,late,40,0.0762,0.0381,0.4335,0.4111,0.487,0.4779,0.5234,0.5246,0.586,0.5594,0.207,0.2178,0.222,0.2152,0.1971,0.2097,0.2332,0.2234,0.9688,1.0,0.875,0.9375,0.9375,0.9375,0.9062,0.875
shape-free,oig_context_drift,148,74,oig_context_drift_p0,1,declining,60,0.057,0.0285,0.8175,0.8976,0.8077,0.803,0.9101,0.8454,0.862,0.8502,0.1646,0.1381,0.2279,0.2051,0.0891,0.156,0.1535,0.1558,0.9375,0.8125,0.875,0.8438,0.9062,0.9062,0.7812,0.6875
shape-free,oig_context_drift,149,74,oig_context_drift_p0,0,late,60,0.0899,0.045,0.4204,0.2313,0.3502,0.4172,0.2874,0.3502,0.3418,0.3781,0.2659,0.2297,0.2821,0.2631,0.2299,0.2412,0.2755,0.2478,0.9375,0.8125,0.875,0.8438,0.9062,0.9062,0.7812,0.6875
shape-free,oig_context_drift,150,75,oig_context_drift_p1,1,unsettled,120,0.1083,0.0542,0.4926,0.4127,0.476,0.4692,0.4489,0.4849,0.4497,0.5939,0.3256,0.2898,0.3179,0.2954,0.2664,0.302,0.3202,0.3335,0.8438,0.9375,0.8125,0.9062,1.0,1.0,1.0,1.0
shape-free,oig_context_drift,151,75,oig_context_drift_p1,0,late,80,0.0743,0.0371,0.6669,0.7724,0.6956,0.8199,0.8299,0.7932,0.864,0.9319,0.285,0.2296,0.2656,0.1804,0.1877,0.2421,0.1806,0.1102,0.8438,0.9375,0.8125,0.9062,1.0,1.0,1.0,1.0
shape-free,oig_context_drift,152,76,oig_context_drift_p3,1,late,40,0.0498,0.0249,0.808,0.7745,0.7292,0.7191,0.7945,0.7808,0.8036,0.8148,0.1317,0.1064,0.1684,0.1925,0.1307,0.1477,0.1546,0.0946,0.8125,0.8125,0.9375,0.875,0.9375,0.9375,1.0,0.9688
shape-free,oig_context_drift,153,76,oig_context_drift_p3,0,late,80,0.0794,0.0397,0.5114,0.5043,0.6033,0.6203,0.6812,0.6856,0.727,0.7949,0.2847,0.1951,0.244,0.2513,0.2147,0.2094,0.2089,0.1885,0.8125,0.8125,0.9375,0.875,0.9375,0.9375,1.0,0.9688
shape-free,oig_context_drift,154,77,oig_context_drift_p1,1,unsettled,120,0.0575,0.0288,0.6877,0.7274,0.6635,0.7278,0.8009,0.8188,0.8067,0.9003,0.2404,0.1864,0.1935,0.192,0.1197,0.1607,0.1309,0.0784,0.9688,0.9375,0.9688,0.9688,0.9688,1.0,0.9688,1.0
shape-free,oig_context_drift,155,77,oig_context_drift_p1,0,declining,120,0.0874,0.0437,0.6192,0.5532,0.6136,0.6124,0.6245,0.6099,0.6865,0.5875,0.2638,0.2649,0.2402,0.2494,0.2333,0.2387,0.2321,0.2552,0.9688,0.9375,0.9688,0.9688,0.9688,1.0,0.9688,1.0
shape-free,oig_context_drift,156,78,oig_context_drift_p3,1,never,10,0.0624,0.0312,0.6542,0.6707,0.606,0.6479,0.6455,0.6277,0.5989,0.6366,0.1707,0.1975,0.2356,0.1803,0.1673,0.1415,0.1499,0.1688,0.9688,0.875,0.9688,0.9375,0.9375,1.0,1.0,1.0
shape-free,oig_context_drift,157,78,oig_context_drift_p3,0,unsettled,120,0.0627,0.0313,0.6553,0.6476,0.6772,0.6696,0.7513,0.7766,0.804,0.8742,0.2022,0.2158,0.1987,0.201,0.1907,0.1323,0.1606,0.1172,0.9688,0.875,0.9688,0.9375,0.9375,1.0,1.0,1.0
shape-free,oig_context_drift,158,79,oig_context_drift_p0,1,late,80,0.0547,0.0273,0.7556,0.7874,0.7945,0.7949,0.8417,0.7959,0.8404,0.855,0.1857,0.1574,0.1698,0.1763,0.1159,0.161,0.1392,0.132,0.8125,0.9062,0.8438,0.9375,0.9375,1.0,1.0,0.9688
shape-free,oig_context_drift,159,79,oig_context_drift_p0,0,late,60,0.0899,0.045,0.544,0.4747,0.4855,0.5388,0.5016,0.5822,0.5615,0.6149,0.2533,0.246,0.2445,0.2685,0.2816,0.2498,0.251,0.2399,0.8125,0.9062,0.8438,0.9375,0.9375,1.0,1.0,0.9688
shape-free,oig_context_drift,160,80,oig_context_drift_p3,1,unsettled,120,0.0617,0.0308,0.5453,0.5865,0.5789,0.5978,0.6762,0.7321,0.692,0.7547,0.229,0.175,0.1843,0.1759,0.1568,0.1812,0.1607,0.133,1.0,0.9688,1.0,0.9375,1.0,1.0,0.9688,0.9688
shape-free,oig_context_drift,161,80,oig_context_drift_p3,0,late,80,0.0535,0.0268,0.8386,0.8172,0.8098,0.804,0.7774,0.7384,0.779,0.8003,0.1769,0.1304,0.1343,0.1585,0.1371,0.18,0.1403,0.1542,1.0,0.9688,1.0,0.9375,1.0,1.0,0.9688,0.9688
shape-free,oig_context_drift,162,81,oig_context_drift_p0,1,late,80,0.0877,0.0438,0.5425,0.7276,0.5208,0.6535,0.6551,0.5971,0.6582,0.7405,0.2684,0.227,0.2762,0.2961,0.2266,0.2863,0.2164,0.187,0.875,0.9375,0.9375,0.9062,0.9375,0.875,0.9062,0.7812
shape-free,oig_context_drift,163,81,oig_context_drift_p0,0,declining,120,0.0748,0.0374,0.9021,0.6825,0.8376,0.7213,0.8102,0.8181,0.8475,0.7147,0.1085,0.251,0.1962,0.2407,0.2163,0.2012,0.1956,0.2832,0.875,0.9375,0.9375,0.9062,0.9375,0.875,0.9062,0.7812
shape-free,oig_context_drift,164,82,oig_context_drift_p3,1,unsettled,120,0.0851,0.0426,0.26,0.1685,0.2949,0.3407,0.3056,0.3966,0.4488,0.6983,0.278,0.188,0.2394,0.2237,0.1994,0.2747,0.2351,0.288,0.625,0.5312,0.7188,0.7188,0.6562,0.6875,0.75,0.8438
shape-free,oig_context_drift,165,82,oig_context_drift_p3,0,declining,20,0.0504,0.0252,0.8863,0.9188,0.8623,0.8386,0.9003,0.8405,0.8597,0.8518,0.1616,0.1024,0.1521,0.1909,0.0848,0.172,0.1289,0.1479,0.625,0.5312,0.7188,0.7188,0.6562,0.6875,0.75,0.8438
shape-free,oig_context_drift,166,83,oig_context_drift_p1,1,declining,20,0.0674,0.0337,0.7891,0.8104,0.6728,0.6703,0.7118,0.7113,0.7101,0.6548,0.1447,0.1508,0.2387,0.1986,0.1811,0.185,0.2255,0.2013,0.9062,0.875,0.9375,0.8125,0.8125,0.8438,0.7812,0.7188
shape-free,oig_context_drift,167,83,oig_context_drift_p1,0,unsettled,120,0.0863,0.0431,0.432,0.3727,0.5182,0.5509,0.5226,0.5156,0.49,0.6089,0.2254,0.2402,0.2483,0.2617,0.228,0.2445,0.276,0.2278,0.9062,0.875,0.9375,0.8125,0.8125,0.8438,0.7812,0.7188
shape-free,oig_context_drift,168,84,oig_context_drift_p0,1,declining,20,0.0996,0.0498,0.6972,0.7774,0.7009,0.7089,0.7109,0.7403,0.6893,0.6538,0.3018,0.2874,0.2803,0.3077,0.3181,0.2224,0.2754,0.2617,0.7812,0.6562,0.5312,0.8438,0.7188,0.7812,0.7812,0.6875
shape-free,oig_context_drift,169,84,oig_context_drift_p0,0,late,80,0.1152,0.0576,0.4454,0.3365,0.422,0.4844,0.4634,0.4778,0.529,0.5941,0.3315,0.3488,0.3088,0.3489,0.3609,0.2711,0.3331,0.3036,0.7812,0.6562,0.5312,0.8438,0.7188,0.7812,0.7812,0.6875
shape-free,oig_context_drift,170,85,oig_context_drift_p3,1,late,80,0.0732,0.0366,0.7131,0.7574,0.6838,0.7959,0.7189,0.7487,0.8297,0.8344,0.196,0.2035,0.2626,0.1652,0.2469,0.2217,0.198,0.1628,1.0,1.0,1.0,1.0,0.9688,0.9688,0.9375,1.0
shape-free,oig_context_drift,171,85,oig_context_drift_p3,0,declining,80,0.1036,0.0518,0.653,0.5842,0.6525,0.6329,0.6455,0.6519,0.5619,0.5275,0.2641,0.3026,0.3346,0.2316,0.2874,0.3025,0.2915,0.3299,1.0,1.0,1.0,1.0,0.9688,0.9688,0.9375,1.0
shape-free,oig_context_drift,172,86,oig_context_drift_p2,1,unsettled,120,0.0652,0.0326,0.7613,0.7303,0.7494,0.7366,0.7734,0.6875,0.7036,0.8686,0.2011,0.2051,0.2035,0.1885,0.1677,0.1896,0.1904,0.1298,0.5312,0.5938,0.625,0.4688,0.5,0.3125,0.4688,0.4688
shape-free,oig_context_drift,173,86,oig_context_drift_p2,0,declining,120,0.0834,0.0417,0.433,0.4367,0.4451,0.422,0.3624,0.4602,0.4668,0.3346,0.2594,0.2696,0.2538,0.2187,0.2387,0.2437,0.2101,0.1938,0.5312,0.5938,0.625,0.4688,0.5,0.3125,0.4688,0.4688
shape-free,oig_context_drift,174,87,oig_context_drift_p3,1,unsettled,120,0.0995,0.0497,0.4303,0.3325,0.4354,0.3898,0.3702,0.4375,0.4737,0.7455,0.2892,0.2873,0.3537,0.2708,0.2493,0.2593,0.2811,0.2597,0.875,0.7812,0.8125,0.9062,0.8125,0.9062,0.8125,1.0
shape-free,oig_context_drift,175,87,oig_context_drift_p3,0,late,30,0.0586,0.0293,0.7811,0.8267,0.7426,0.8402,0.8739,0.8592,0.8782,0.8829,0.2107,0.1816,0.2751,0.1603,0.1445,0.1221,0.1216,0.1091,0.875,0.7812,0.8125,0.9062,0.8125,0.9062,0.8125,1.0
shape-free,oig_context_drift,176,88,oig_context_drift_p3,1,late,80,0.0671,0.0335,0.7131,0.6306,0.7065,0.7618,0.7737,0.8281,0.9009,0.9146,0.2393,0.2437,0.2167,0.2089,0.2236,0.2038,0.0907,0.0911,0.9375,0.9688,0.8125,0.9688,1.0,1.0,0.7812,0.8125
shape-free,oig_context_drift,177,88,oig_context_drift_p3,0,declining,60,0.0913,0.0457,0.51,0.5912,0.5013,0.4795,0.4771,0.3695,0.2674,0.2935,0.2776,0.2711,0.2831,0.2814,0.3038,0.2331,0.1857,0.2305,0.9375,0.9688,0.8125,0.9688,1.0,1.0,0.7812,0.8125
shape-free,oig_context_drift,178,89,oig_context_drift_p2,1,late,60,0.035,0.0175,0.8415,0.8832,0.8462,0.8462,0.8629,0.9048,0.8993,0.9088,0.1245,0.0965,0.1196,0.1126,0.09,0.0904,0.0875,0.0713,0.7188,0.6875,0.625,0.75,0.5938,0.625,0.7812,0.75
shape-free,oig_context_drift,179,89,oig_context_drift_p2,0,late,20,0.0788,0.0394,0.3747,0.2452,0.3131,0.3847,0.3752,0.2647,0.2986,0.328,0.2492,0.1888,0.2454,0.2234,0.2616,0.221,0.2034,0.1892,0.7188,0.6875,0.625,0.75,0.5938,0.625,0.7812,0.75
shape-free,oig_context_drift,180,90,oig_context_drift_p0,1,late,40,0.0648,0.0324,0.755,0.6688,0.6559,0.6588,0.7068,0.7086,0.7558,0.7637,0.2014,0.1862,0.2236,0.1822,0.1805,0.1927,0.1644,0.1343,0.9688,1.0,0.8438,0.9375,0.7812,0.875,0.9062,0.9062
shape-free,oig_context_drift,181,90,oig_context_drift_p0,0,early,15,0.0759,0.038,0.5493,0.6385,0.5989,0.6438,0.6187,0.6163,0.5913,0.6474,0.2292,0.1915,0.2422,0.2103,0.2071,0.2208,0.2218,0.1952,0.9688,1.0,0.8438,0.9375,0.7812,0.875,0.9062,0.9062
shape-free,oig_context_drift,182,91,oig_context_drift_p0,1,declining,120,0.1074,0.0537,0.3861,0.4462,0.4005,0.4383,0.4464,0.3966,0.3821,0.2463,0.2959,0.3205,0.3366,0.3453,0.2883,0.2726,0.3332,0.2366,0.9688,1.0,0.9375,0.9688,0.9375,0.8125,0.9688,0.9375
shape-free,oig_context_drift,183,91,oig_context_drift_p0,0,unsettled,120,0.0893,0.0447,0.7832,0.7287,0.7303,0.7252,0.7885,0.7982,0.7975,0.9212,0.2529,0.3027,0.2954,0.3219,0.2266,0.2187,0.2659,0.1374,0.9688,1.0,0.9375,0.9688,0.9375,0.8125,0.9688,0.9375
shape-free,oig_context_drift,184,92,oig_context_drift_p3,1,late,80,0.0684,0.0342,0.6297,0.672,0.6606,0.6405,0.6835,0.7299,0.7708,0.8318,0.2175,0.1972,0.2256,0.2087,0.2094,0.2066,0.1498,0.1333,0.8438,0.75,0.75,0.8438,0.75,0.9062,0.8438,0.8438
shape-free,oig_context_drift,185,92,oig_context_drift_p3,0,declining,15,0.0835,0.0417,0.6793,0.6039,0.5952,0.663,0.6086,0.6155,0.6039,0.5933,0.2148,0.2585,0.2568,0.1836,0.2398,0.236,0.2463,0.2525,0.8438,0.75,0.75,0.8438,0.75,0.9062,0.8438,0.8438
shape-free,oig_context_drift,186,93,oig_context_drift_p0,1,declining,120,0.0992,0.0496,0.5176,0.6218,0.4995,0.4961,0.5188,0.557,0.5238,0.3254,0.307,0.2685,0.2664,0.2781,0.3187,0.2895,0.2658,0.2498,0.4062,0.4062,0.2188,0.3125,0.1875,0.125,0.125,0.0
shape-free,oig_context_drift,187,93,oig_context_drift_p0,0,unsettled,120,0.0995,0.0498,0.5768,0.4783,0.5871,0.6073,0.5652,0.5308,0.5726,0.7381,0.3034,0.2942,0.2707,0.2841,0.3038,0.285,0.2792,0.2316,0.4062,0.4062,0.2188,0.3125,0.1875,0.125,0.125,0.0
shape-free,oig_context_drift,188,94,oig_context_drift_p0,1,late,60,0.0466,0.0233,0.8689,0.8943,0.8483,0.9074,0.9154,0.9623,0.9539,0.9712,0.1926,0.153,0.2183,0.1645,0.107,0.0724,0.0842,0.0624,0.9688,0.9688,0.8438,0.8125,0.9062,1.0,1.0,0.9688
shape-free,oig_context_drift,189,94,oig_context_drift_p0,0,never,10,0.1059,0.053,0.5066,0.4109,0.4125,0.4014,0.4505,0.422,0.3808,0.4441,0.3021,0.3059,0.3328,0.2822,0.3384,0.2875,0.2781,0.2701,0.9688,0.9688,0.8438,0.8125,0.9062,1.0,1.0,0.9688
shape-free,oig_context_drift,190,95,oig_context_drift_p1,1,unsettled,120,0.0868,0.0434,0.4668,0.4232,0.4634,0.4787,0.4828,0.5356,0.5014,0.7005,0.2578,0.2339,0.2348,0.2515,0.2228,0.2766,0.2258,0.2599,1.0,1.0,0.9062,1.0,0.9375,0.9688,0.9688,1.0
shape-free,oig_context_drift,191,95,oig_context_drift_p1,0,declining,120,0.0709,0.0355,0.7569,0.7692,0.7266,0.7555,0.7692,0.6996,0.7734,0.6786,0.1831,0.165,0.1962,0.2027,0.1747,0.2648,0.2102,0.2078,1.0,1.0,0.9062,1.0,0.9375,0.9688,0.9688,1.0
shape-free,oig_context_drift,192,96,oig_context_drift_p2,1,never,10,0.0755,0.0378,0.5475,0.5839,0.5517,0.5673,0.554,0.5921,0.59,0.5888,0.1907,0.2258,0.2164,0.1929,0.243,0.2041,0.2302,0.2064,1.0,0.9688,0.9688,1.0,0.9688,1.0,1.0,1.0
shape-free,oig_context_drift,193,96,oig_context_drift_p2,0,late,60,0.0674,0.0337,0.7672,0.7167,0.7208,0.7629,0.7519,0.7748,0.7653,0.8307,0.1999,0.2323,0.225,0.1637,0.2008,0.1549,0.2012,0.148,1.0,0.9688,0.9688,1.0,0.9688,1.0,1.0,1.0
