samples,base,n,draw,n_pos,n_neg,n_training_rows,dev_mean,eval_mean,dev_ai_dilemmas,dev_ant_hh,dev_balanced_refusal,dev_daily_dilemmas,eval_ai_dilemmas,eval_ant_hh,eval_balanced_refusal,eval_daily_dilemmas,seconds
dc_hu_harm_gptoss_eval_ai_dilemmas_kind.jsonl,none+ga10bs16,154,0,77,77,154,0.87705,0.84772,0.92628,0.84504,0.77913,0.95776,0.91393,0.78826,0.72425,0.96444,23.1
dc_hu_harm_gptoss_eval_ai_dilemmas_kind.jsonl,none+ga10bs16,154,1,77,77,154,0.82108,0.80299,0.77599,0.86467,0.71252,0.93113,0.78449,0.8131,0.67772,0.93664,14.8
dc_hu_harm_gptoss_eval_ai_dilemmas_kind.jsonl,none+ga10bs16,154,2,77,77,154,0.83032,0.82938,0.80813,0.83678,0.73101,0.94536,0.83575,0.82569,0.70694,0.94914,11.5
dc_hu_harm_gptoss_eval_ai_dilemmas_kind.jsonl,none+ga10bs16,154,3,77,77,154,0.90844,0.86349,0.98677,0.8595,0.79851,0.98898,0.9933,0.76609,0.71679,0.97777,11.5
dc_hu_harm_gptoss_eval_ai_dilemmas_kind.jsonl,none+ga10bs16,154,4,77,77,154,0.8688,0.84475,0.9206,0.83574,0.74593,0.97291,0.91512,0.80552,0.69641,0.96194,12.7
dc_hu_harm_gptoss_eval_ai_dilemmas_kind.jsonl,none+ga10bs16,154,5,77,77,154,0.86775,0.83697,0.88374,0.85331,0.77801,0.95592,0.87684,0.79851,0.72235,0.95018,10.4
dc_hu_harm_gptoss_eval_ai_dilemmas_kind.jsonl,none+ga10bs16,154,6,77,77,154,0.81464,0.80003,0.76276,0.83678,0.72834,0.93067,0.75454,0.81432,0.69967,0.93159,14.3
dc_hu_harm_gptoss_eval_ai_dilemmas_kind.jsonl,none+ga10bs16,154,7,77,77,154,0.88335,0.85174,0.93006,0.84917,0.79138,0.96281,0.92344,0.79138,0.72937,0.96278,13.1
dc_hu_harm_gptoss_eval_ant_hh_kind.jsonl,none+ga7bs16,110,0,55,55,110,0.60102,0.60909,0.53025,0.80269,0.49632,0.57484,0.53601,0.83471,0.48657,0.57908,14.6
dc_hu_harm_gptoss_eval_ant_hh_kind.jsonl,none+ga7bs16,110,1,55,55,110,0.60251,0.60152,0.51134,0.83471,0.46759,0.59642,0.52703,0.84172,0.45748,0.57986,9.7
dc_hu_harm_gptoss_eval_ant_hh_kind.jsonl,none+ga7bs16,110,2,55,55,110,0.61452,0.61665,0.51985,0.81198,0.53074,0.5955,0.53287,0.83148,0.52026,0.582,9.6
dc_hu_harm_gptoss_eval_ant_hh_kind.jsonl,none+ga7bs16,110,3,55,55,110,0.58873,0.59807,0.51229,0.82541,0.4736,0.54362,0.51222,0.84663,0.47941,0.55404,9.3
dc_hu_harm_gptoss_eval_ant_hh_kind.jsonl,none+ga7bs16,110,4,55,55,110,0.59182,0.60504,0.5,0.79959,0.49699,0.57071,0.52628,0.82769,0.49733,0.56888,9.7
dc_hu_harm_gptoss_eval_ant_hh_kind.jsonl,none+ga7bs16,110,5,55,55,110,0.60509,0.61225,0.53214,0.80165,0.4883,0.59826,0.53687,0.82992,0.48844,0.59376,21.5
dc_hu_harm_gptoss_eval_ant_hh_kind.jsonl,none+ga7bs16,110,6,55,55,110,0.61349,0.62095,0.5189,0.79236,0.52974,0.61295,0.54909,0.83538,0.5035,0.59585,14.2
dc_hu_harm_gptoss_eval_ant_hh_kind.jsonl,none+ga7bs16,110,7,55,55,110,0.61393,0.61827,0.5189,0.80992,0.51994,0.60698,0.54304,0.81633,0.49591,0.61782,16.5
dc_hu_harm_gptoss_eval_balanced_refusal_kind.jsonl,none+ga10bs16,146,0,73,73,146,0.81473,0.8184,0.81096,0.52273,0.98585,0.93939,0.78028,0.57407,0.98751,0.93175,16.8
dc_hu_harm_gptoss_eval_balanced_refusal_kind.jsonl,none+ga10bs16,146,1,73,73,146,0.7825,0.7953,0.81002,0.43698,0.9863,0.89669,0.75908,0.53186,0.98559,0.90468,12.3
dc_hu_harm_gptoss_eval_balanced_refusal_kind.jsonl,none+ga10bs16,146,2,73,73,146,0.77201,0.78044,0.78922,0.47107,0.9765,0.85124,0.74319,0.55168,0.98891,0.83798,16.6
dc_hu_harm_gptoss_eval_balanced_refusal_kind.jsonl,none+ga10bs16,146,3,73,73,146,0.8325,0.8426,0.89225,0.5155,0.99387,0.92837,0.87489,0.55859,0.99027,0.94664,12.9
dc_hu_harm_gptoss_eval_balanced_refusal_kind.jsonl,none+ga10bs16,146,4,73,73,146,0.80955,0.82002,0.84216,0.48244,0.98753,0.92608,0.81369,0.54233,0.98859,0.9355,14.4
dc_hu_harm_gptoss_eval_balanced_refusal_kind.jsonl,none+ga10bs16,146,5,73,73,146,0.79017,0.79756,0.79962,0.4938,0.99076,0.87649,0.75314,0.56327,0.98644,0.88739,16.0
dc_hu_harm_gptoss_eval_balanced_refusal_kind.jsonl,none+ga10bs16,146,6,73,73,146,0.73729,0.76775,0.75898,0.38223,0.97739,0.83058,0.70145,0.52662,0.98485,0.85808,14.7
dc_hu_harm_gptoss_eval_balanced_refusal_kind.jsonl,none+ga10bs16,146,7,73,73,146,0.77159,0.7859,0.73062,0.48864,0.98374,0.88338,0.71951,0.55547,0.98854,0.8801,15.5
dc_hu_harm_gptoss_eval_daily_dilemmas_kind.jsonl,none+ga10bs16,148,0,74,74,148,0.84108,0.80422,0.86957,0.88017,0.64491,0.9697,0.81769,0.80853,0.64484,0.9458,12.0
dc_hu_harm_gptoss_eval_daily_dilemmas_kind.jsonl,none+ga10bs16,148,1,74,74,148,0.86891,0.83884,0.9225,0.86157,0.69526,0.99633,0.90052,0.80029,0.682,0.97256,11.4
dc_hu_harm_gptoss_eval_daily_dilemmas_kind.jsonl,none+ga10bs16,148,2,74,74,148,0.86414,0.82925,0.90832,0.8843,0.67498,0.98898,0.86711,0.81633,0.66645,0.9671,10.8
dc_hu_harm_gptoss_eval_daily_dilemmas_kind.jsonl,none+ga10bs16,148,3,74,74,148,0.84457,0.81156,0.84216,0.83884,0.71475,0.98255,0.77238,0.80842,0.71657,0.94888,12.2
dc_hu_harm_gptoss_eval_daily_dilemmas_kind.jsonl,none+ga10bs16,148,4,74,74,148,0.84622,0.81549,0.86767,0.8843,0.66641,0.96648,0.81099,0.82067,0.67423,0.95606,12.4
dc_hu_harm_gptoss_eval_daily_dilemmas_kind.jsonl,none+ga10bs16,148,5,74,74,148,0.84009,0.81788,0.84121,0.86157,0.69202,0.96556,0.80028,0.82413,0.6961,0.95101,11.5
dc_hu_harm_gptoss_eval_daily_dilemmas_kind.jsonl,none+ga10bs16,148,6,74,74,148,0.8395,0.80965,0.88563,0.87087,0.62675,0.97475,0.83304,0.818,0.62983,0.95773,11.9
dc_hu_harm_gptoss_eval_daily_dilemmas_kind.jsonl,none+ga10bs16,148,7,74,74,148,0.83226,0.80605,0.79773,0.84814,0.73457,0.94858,0.73951,0.81533,0.73179,0.93758,11.5
