samples,base,n,draw,n_pos,n_neg,n_training_rows,dev_mean,eval_mean,dev_ai_dilemmas,eval_ai_dilemmas,seconds
hu_harm_deepseekv4pro_aidil5_domains_600.jsonl,none,590,0,295,295,590,1.0,0.99005,1.0,0.99005,24.7
hu_harm_deepseekv4pro_aidil5_domains_600.jsonl,none,590,1,295,295,590,1.0,0.99589,1.0,0.99589,17.1
hu_harm_deepseekv4pro_aidil5_domains_600.jsonl,none,590,2,295,295,590,0.99811,0.99557,0.99811,0.99557,17.3
hu_harm_deepseekv4pro_aidil5_domains_600.jsonl,none,590,3,295,295,590,1.0,0.9987,1.0,0.9987,17.8
hu_harm_deepseekv4pro_aidil5_domains_600.jsonl,none,590,4,295,295,590,1.0,0.99892,1.0,0.99892,16.9
hu_harm_deepseekv4pro_aidil5_domains_600.jsonl,none,590,5,295,295,590,1.0,0.99827,1.0,0.99827,16.7
hu_harm_deepseekv4pro_aidil5_domains_600.jsonl,none,590,6,295,295,590,1.0,0.99611,1.0,0.99611,17.1
hu_harm_deepseekv4pro_aidil5_domains_600.jsonl,none,590,7,295,295,590,1.0,0.99697,1.0,0.99697,16.9
hu_harm_deepseekv4pro_aidil5_domains_600.jsonl,none,300,0,150,150,300,1.0,0.99719,1.0,0.99719,9.3
hu_harm_deepseekv4pro_aidil5_domains_600.jsonl,none,300,1,150,150,300,1.0,0.99762,1.0,0.99762,9.5
hu_harm_deepseekv4pro_aidil5_domains_600.jsonl,none,300,2,150,150,300,1.0,1.0,1.0,1.0,9.2
hu_harm_deepseekv4pro_aidil5_domains_600.jsonl,none,300,3,150,150,300,0.99244,0.99546,0.99244,0.99546,9.2
hu_harm_deepseekv4pro_aidil5_domains_600.jsonl,none,300,4,150,150,300,0.97732,0.99178,0.97732,0.99178,9.4
hu_harm_deepseekv4pro_aidil5_domains_600.jsonl,none,300,5,150,150,300,1.0,1.0,1.0,1.0,9.1
hu_harm_deepseekv4pro_aidil5_domains_600.jsonl,none,300,6,150,150,300,0.99811,0.9987,0.99811,0.9987,9.3
hu_harm_deepseekv4pro_aidil5_domains_600.jsonl,none,300,7,150,150,300,0.96692,0.98281,0.96692,0.98281,9.1
hu_harm_deepseekv4pro_aidil5_domains_600.jsonl,none,150,0,75,75,150,1.0,0.99827,1.0,0.99827,5.9
hu_harm_deepseekv4pro_aidil5_domains_600.jsonl,none,150,1,75,75,150,1.0,0.99957,1.0,0.99957,5.5
hu_harm_deepseekv4pro_aidil5_domains_600.jsonl,none,150,2,75,75,150,1.0,0.9894,1.0,0.9894,5.6
hu_harm_deepseekv4pro_aidil5_domains_600.jsonl,none,150,3,75,75,150,1.0,0.99805,1.0,0.99805,5.6
hu_harm_deepseekv4pro_aidil5_domains_600.jsonl,none,150,4,75,75,150,1.0,0.98789,1.0,0.98789,5.9
hu_harm_deepseekv4pro_aidil5_domains_600.jsonl,none,150,5,75,75,150,1.0,1.0,1.0,1.0,5.7
hu_harm_deepseekv4pro_aidil5_domains_600.jsonl,none,150,6,75,75,150,1.0,0.99676,1.0,0.99676,5.7
hu_harm_deepseekv4pro_aidil5_domains_600.jsonl,none,150,7,75,75,150,1.0,0.99805,1.0,0.99805,6.5
hu_harm_deepseekv4pro_aidil5_domains_600.jsonl,none,75,0,37,38,75,0.99244,0.99524,0.99244,0.99524,3.6
hu_harm_deepseekv4pro_aidil5_domains_600.jsonl,none,75,1,37,38,75,1.0,0.99805,1.0,0.99805,3.4
hu_harm_deepseekv4pro_aidil5_domains_600.jsonl,none,75,2,37,38,75,1.0,0.99697,1.0,0.99697,3.5
hu_harm_deepseekv4pro_aidil5_domains_600.jsonl,none,75,3,37,38,75,1.0,0.99816,1.0,0.99816,3.5
hu_harm_deepseekv4pro_aidil5_domains_600.jsonl,none,75,4,37,38,75,1.0,0.99632,1.0,0.99632,3.5
hu_harm_deepseekv4pro_aidil5_domains_600.jsonl,none,75,5,37,38,75,0.99622,0.99513,0.99622,0.99513,3.5
hu_harm_deepseekv4pro_aidil5_domains_600.jsonl,none,75,6,37,38,75,1.0,1.0,1.0,1.0,3.8
hu_harm_deepseekv4pro_aidil5_domains_600.jsonl,none,75,7,37,38,75,1.0,0.99957,1.0,0.99957,4.0
hu_harm_deepseekv4pro_aidil5_grid_600.jsonl,none,590,0,295,295,590,1.0,0.99913,1.0,0.99913,17.9
hu_harm_deepseekv4pro_aidil5_grid_600.jsonl,none,590,1,295,295,590,1.0,1.0,1.0,1.0,17.1
hu_harm_deepseekv4pro_aidil5_grid_600.jsonl,none,590,2,295,295,590,1.0,1.0,1.0,1.0,16.9
hu_harm_deepseekv4pro_aidil5_grid_600.jsonl,none,590,3,295,295,590,1.0,0.99978,1.0,0.99978,16.8
hu_harm_deepseekv4pro_aidil5_grid_600.jsonl,none,590,4,295,295,590,1.0,1.0,1.0,1.0,17.3
hu_harm_deepseekv4pro_aidil5_grid_600.jsonl,none,590,5,295,295,590,1.0,1.0,1.0,1.0,16.8
hu_harm_deepseekv4pro_aidil5_grid_600.jsonl,none,590,6,295,295,590,1.0,0.99935,1.0,0.99935,17.0
hu_harm_deepseekv4pro_aidil5_grid_600.jsonl,none,590,7,295,295,590,1.0,1.0,1.0,1.0,16.9
hu_harm_deepseekv4pro_aidil5_grid_600.jsonl,none,300,0,150,150,300,1.0,0.99935,1.0,0.99935,9.2
hu_harm_deepseekv4pro_aidil5_grid_600.jsonl,none,300,1,150,150,300,1.0,0.99978,1.0,0.99978,9.3
hu_harm_deepseekv4pro_aidil5_grid_600.jsonl,none,300,2,150,150,300,1.0,1.0,1.0,1.0,9.1
hu_harm_deepseekv4pro_aidil5_grid_600.jsonl,none,300,3,150,150,300,1.0,0.99978,1.0,0.99978,9.6
hu_harm_deepseekv4pro_aidil5_grid_600.jsonl,none,300,4,150,150,300,1.0,1.0,1.0,1.0,9.4
hu_harm_deepseekv4pro_aidil5_grid_600.jsonl,none,300,5,150,150,300,1.0,0.99935,1.0,0.99935,9.3
hu_harm_deepseekv4pro_aidil5_grid_600.jsonl,none,300,6,150,150,300,1.0,0.9987,1.0,0.9987,9.5
hu_harm_deepseekv4pro_aidil5_grid_600.jsonl,none,300,7,150,150,300,1.0,0.99957,1.0,0.99957,9.1
hu_harm_deepseekv4pro_aidil5_grid_600.jsonl,none,150,0,75,75,150,0.99055,0.99459,0.99055,0.99459,5.5
hu_harm_deepseekv4pro_aidil5_grid_600.jsonl,none,150,1,75,75,150,0.99527,0.99113,0.99527,0.99113,5.4
hu_harm_deepseekv4pro_aidil5_grid_600.jsonl,none,150,2,75,75,150,1.0,0.99935,1.0,0.99935,5.6
hu_harm_deepseekv4pro_aidil5_grid_600.jsonl,none,150,3,75,75,150,1.0,0.99978,1.0,0.99978,5.7
hu_harm_deepseekv4pro_aidil5_grid_600.jsonl,none,150,4,75,75,150,1.0,0.99935,1.0,0.99935,5.8
hu_harm_deepseekv4pro_aidil5_grid_600.jsonl,none,150,5,75,75,150,1.0,1.0,1.0,1.0,5.5
hu_harm_deepseekv4pro_aidil5_grid_600.jsonl,none,150,6,75,75,150,1.0,0.99957,1.0,0.99957,5.6
hu_harm_deepseekv4pro_aidil5_grid_600.jsonl,none,150,7,75,75,150,1.0,0.99805,1.0,0.99805,6.0
hu_harm_deepseekv4pro_aidil5_grid_600.jsonl,none,75,0,37,38,75,0.97826,1.0,0.97826,1.0,3.7
hu_harm_deepseekv4pro_aidil5_grid_600.jsonl,none,75,1,37,38,75,0.97826,0.98497,0.97826,0.98497,3.3
hu_harm_deepseekv4pro_aidil5_grid_600.jsonl,none,75,2,37,38,75,0.99622,0.99081,0.99622,0.99081,3.4
hu_harm_deepseekv4pro_aidil5_grid_600.jsonl,none,75,3,37,38,75,1.0,1.0,1.0,1.0,3.4
hu_harm_deepseekv4pro_aidil5_grid_600.jsonl,none,75,4,37,38,75,0.99811,0.99124,0.99811,0.99124,4.9
hu_harm_deepseekv4pro_aidil5_grid_600.jsonl,none,75,5,37,38,75,0.97826,0.99254,0.97826,0.99254,3.2
hu_harm_deepseekv4pro_aidil5_grid_600.jsonl,none,75,6,37,38,75,1.0,1.0,1.0,1.0,3.4
hu_harm_deepseekv4pro_aidil5_grid_600.jsonl,none,75,7,37,38,75,1.0,1.0,1.0,1.0,3.4
hu_harm_deepseekv4pro_aidil5_nearmiss_600.jsonl,none,590,0,295,295,590,0.85539,0.89836,0.85539,0.89836,16.8
hu_harm_deepseekv4pro_aidil5_nearmiss_600.jsonl,none,590,1,295,295,590,0.93006,0.95437,0.93006,0.95437,17.0
hu_harm_deepseekv4pro_aidil5_nearmiss_600.jsonl,none,590,2,295,295,590,0.8913,0.91717,0.8913,0.91717,17.2
hu_harm_deepseekv4pro_aidil5_nearmiss_600.jsonl,none,590,3,295,295,590,0.9518,0.95642,0.9518,0.95642,17.0
hu_harm_deepseekv4pro_aidil5_nearmiss_600.jsonl,none,590,4,295,295,590,0.96219,0.96291,0.96219,0.96291,16.9
hu_harm_deepseekv4pro_aidil5_nearmiss_600.jsonl,none,590,5,295,295,590,0.89792,0.93026,0.89792,0.93026,17.0
hu_harm_deepseekv4pro_aidil5_nearmiss_600.jsonl,none,590,6,295,295,590,0.94518,0.94615,0.94518,0.94615,16.9
hu_harm_deepseekv4pro_aidil5_nearmiss_600.jsonl,none,590,7,295,295,590,0.94518,0.94637,0.94518,0.94637,17.0
hu_harm_deepseekv4pro_aidil5_nearmiss_600.jsonl,none,300,0,150,150,300,0.94896,0.95978,0.94896,0.95978,9.3
hu_harm_deepseekv4pro_aidil5_nearmiss_600.jsonl,none,300,1,150,150,300,0.86673,0.94939,0.86673,0.94939,9.7
hu_harm_deepseekv4pro_aidil5_nearmiss_600.jsonl,none,300,2,150,150,300,0.92533,0.95923,0.92533,0.95923,9.3
hu_harm_deepseekv4pro_aidil5_nearmiss_600.jsonl,none,300,3,150,150,300,0.94612,0.96518,0.94612,0.96518,9.4
hu_harm_deepseekv4pro_aidil5_nearmiss_600.jsonl,none,300,4,150,150,300,0.96975,0.97567,0.96975,0.97567,9.5
hu_harm_deepseekv4pro_aidil5_nearmiss_600.jsonl,none,300,5,150,150,300,0.93006,0.9588,0.93006,0.9588,9.1
hu_harm_deepseekv4pro_aidil5_nearmiss_600.jsonl,none,300,6,150,150,300,0.95841,0.96345,0.95841,0.96345,9.3
hu_harm_deepseekv4pro_aidil5_nearmiss_600.jsonl,none,300,7,150,150,300,0.86673,0.92723,0.86673,0.92723,9.1
hu_harm_deepseekv4pro_aidil5_nearmiss_600.jsonl,none,150,0,75,75,150,0.97732,0.98421,0.97732,0.98421,5.6
hu_harm_deepseekv4pro_aidil5_nearmiss_600.jsonl,none,150,1,75,75,150,0.92439,0.95307,0.92439,0.95307,5.4
hu_harm_deepseekv4pro_aidil5_nearmiss_600.jsonl,none,150,2,75,75,150,0.93573,0.97426,0.93573,0.97426,5.5
hu_harm_deepseekv4pro_aidil5_nearmiss_600.jsonl,none,150,3,75,75,150,0.96975,0.97102,0.96975,0.97102,5.7
hu_harm_deepseekv4pro_aidil5_nearmiss_600.jsonl,none,150,4,75,75,150,0.98299,0.9841,0.98299,0.9841,5.5
hu_harm_deepseekv4pro_aidil5_nearmiss_600.jsonl,none,150,5,75,75,150,0.86389,0.92496,0.86389,0.92496,5.6
hu_harm_deepseekv4pro_aidil5_nearmiss_600.jsonl,none,150,6,75,75,150,0.93289,0.95826,0.93289,0.95826,5.5
hu_harm_deepseekv4pro_aidil5_nearmiss_600.jsonl,none,150,7,75,75,150,0.95652,0.96648,0.95652,0.96648,5.5
hu_harm_deepseekv4pro_aidil5_nearmiss_600.jsonl,none,75,0,37,38,75,0.94896,0.97253,0.94896,0.97253,3.5
hu_harm_deepseekv4pro_aidil5_nearmiss_600.jsonl,none,75,1,37,38,75,0.98015,0.96864,0.98015,0.96864,3.4
hu_harm_deepseekv4pro_aidil5_nearmiss_600.jsonl,none,75,2,37,38,75,0.93384,0.95772,0.93384,0.95772,3.4
hu_harm_deepseekv4pro_aidil5_nearmiss_600.jsonl,none,75,3,37,38,75,0.89036,0.94615,0.89036,0.94615,3.5
hu_harm_deepseekv4pro_aidil5_nearmiss_600.jsonl,none,75,4,37,38,75,0.95369,0.96151,0.95369,0.96151,3.5
hu_harm_deepseekv4pro_aidil5_nearmiss_600.jsonl,none,75,5,37,38,75,0.97164,0.97329,0.97164,0.97329,3.4
hu_harm_deepseekv4pro_aidil5_nearmiss_600.jsonl,none,75,6,37,38,75,0.98015,0.984,0.98015,0.984,3.5
hu_harm_deepseekv4pro_aidil5_nearmiss_600.jsonl,none,75,7,37,38,75,0.99622,0.97913,0.99622,0.97913,3.4
hu_harm_deepseekv4pro_aidil5_replica_600.jsonl,none,590,0,295,295,590,1.0,0.99957,1.0,0.99957,17.6
hu_harm_deepseekv4pro_aidil5_replica_600.jsonl,none,590,1,295,295,590,1.0,1.0,1.0,1.0,17.3
hu_harm_deepseekv4pro_aidil5_replica_600.jsonl,none,590,2,295,295,590,1.0,1.0,1.0,1.0,17.0
hu_harm_deepseekv4pro_aidil5_replica_600.jsonl,none,590,3,295,295,590,1.0,1.0,1.0,1.0,16.9
hu_harm_deepseekv4pro_aidil5_replica_600.jsonl,none,590,4,295,295,590,0.97826,0.99968,0.97826,0.99968,17.2
hu_harm_deepseekv4pro_aidil5_replica_600.jsonl,none,590,5,295,295,590,1.0,1.0,1.0,1.0,17.6
hu_harm_deepseekv4pro_aidil5_replica_600.jsonl,none,590,6,295,295,590,1.0,1.0,1.0,1.0,17.0
hu_harm_deepseekv4pro_aidil5_replica_600.jsonl,none,590,7,295,295,590,1.0,1.0,1.0,1.0,17.0
hu_harm_deepseekv4pro_aidil5_replica_600.jsonl,none,300,0,150,150,300,1.0,1.0,1.0,1.0,9.3
hu_harm_deepseekv4pro_aidil5_replica_600.jsonl,none,300,1,150,150,300,1.0,0.99978,1.0,0.99978,9.3
hu_harm_deepseekv4pro_aidil5_replica_600.jsonl,none,300,2,150,150,300,1.0,1.0,1.0,1.0,9.2
hu_harm_deepseekv4pro_aidil5_replica_600.jsonl,none,300,3,150,150,300,1.0,1.0,1.0,1.0,9.1
hu_harm_deepseekv4pro_aidil5_replica_600.jsonl,none,300,4,150,150,300,1.0,1.0,1.0,1.0,9.2
hu_harm_deepseekv4pro_aidil5_replica_600.jsonl,none,300,5,150,150,300,1.0,0.99913,1.0,0.99913,9.2
hu_harm_deepseekv4pro_aidil5_replica_600.jsonl,none,300,6,150,150,300,1.0,1.0,1.0,1.0,9.1
hu_harm_deepseekv4pro_aidil5_replica_600.jsonl,none,300,7,150,150,300,1.0,1.0,1.0,1.0,9.2
hu_harm_deepseekv4pro_aidil5_replica_600.jsonl,none,150,0,75,75,150,0.97826,0.99211,0.97826,0.99211,5.5
hu_harm_deepseekv4pro_aidil5_replica_600.jsonl,none,150,1,75,75,150,1.0,1.0,1.0,1.0,5.5
hu_harm_deepseekv4pro_aidil5_replica_600.jsonl,none,150,2,75,75,150,0.97826,0.99892,0.97826,0.99892,5.5
hu_harm_deepseekv4pro_aidil5_replica_600.jsonl,none,150,3,75,75,150,1.0,1.0,1.0,1.0,5.6
hu_harm_deepseekv4pro_aidil5_replica_600.jsonl,none,150,4,75,75,150,1.0,1.0,1.0,1.0,5.5
hu_harm_deepseekv4pro_aidil5_replica_600.jsonl,none,150,5,75,75,150,1.0,1.0,1.0,1.0,5.5
hu_harm_deepseekv4pro_aidil5_replica_600.jsonl,none,150,6,75,75,150,1.0,0.99265,1.0,0.99265,5.5
hu_harm_deepseekv4pro_aidil5_replica_600.jsonl,none,150,7,75,75,150,1.0,1.0,1.0,1.0,5.5
hu_harm_deepseekv4pro_aidil5_replica_600.jsonl,none,75,0,37,38,75,1.0,1.0,1.0,1.0,3.4
hu_harm_deepseekv4pro_aidil5_replica_600.jsonl,none,75,1,37,38,75,0.97826,1.0,0.97826,1.0,3.4
hu_harm_deepseekv4pro_aidil5_replica_600.jsonl,none,75,2,37,38,75,0.99905,0.9987,0.99905,0.9987,3.4
hu_harm_deepseekv4pro_aidil5_replica_600.jsonl,none,75,3,37,38,75,1.0,1.0,1.0,1.0,3.4
hu_harm_deepseekv4pro_aidil5_replica_600.jsonl,none,75,4,37,38,75,1.0,1.0,1.0,1.0,3.5
hu_harm_deepseekv4pro_aidil5_replica_600.jsonl,none,75,5,37,38,75,1.0,0.99989,1.0,0.99989,3.4
hu_harm_deepseekv4pro_aidil5_replica_600.jsonl,none,75,6,37,38,75,1.0,1.0,1.0,1.0,3.4
hu_harm_deepseekv4pro_aidil5_replica_600.jsonl,none,75,7,37,38,75,1.0,1.0,1.0,1.0,3.5
