samples,base,n,draw,n_pos,n_neg,n_training_rows,dev_mean,eval_mean,dev_ant_hh,eval_ant_hh,seconds
hu_harm_deepseekv4pro_anthh5_intent_600.jsonl,none,590,0,295,295,590,0.82231,0.8708,0.82231,0.8708,25.4
hu_harm_deepseekv4pro_anthh5_intent_600.jsonl,none,590,1,295,295,590,0.81198,0.85353,0.81198,0.85353,17.6
hu_harm_deepseekv4pro_anthh5_intent_600.jsonl,none,590,2,295,295,590,0.86674,0.87113,0.86674,0.87113,38.9
hu_harm_deepseekv4pro_anthh5_intent_600.jsonl,none,590,3,295,295,590,0.79236,0.87436,0.79236,0.87436,17.1
hu_harm_deepseekv4pro_anthh5_intent_600.jsonl,none,590,4,295,295,590,0.84917,0.88461,0.84917,0.88461,19.6
hu_harm_deepseekv4pro_anthh5_intent_600.jsonl,none,590,5,295,295,590,0.81405,0.8718,0.81405,0.8718,16.7
hu_harm_deepseekv4pro_anthh5_intent_600.jsonl,none,590,6,295,295,590,0.78926,0.84674,0.78926,0.84674,17.4
hu_harm_deepseekv4pro_anthh5_intent_600.jsonl,none,590,7,295,295,590,0.81921,0.87458,0.81921,0.87458,17.0
hu_harm_deepseekv4pro_anthh5_intent_600.jsonl,none,300,0,150,150,300,0.83058,0.87369,0.83058,0.87369,10.4
hu_harm_deepseekv4pro_anthh5_intent_600.jsonl,none,300,1,150,150,300,0.76033,0.86021,0.76033,0.86021,9.5
hu_harm_deepseekv4pro_anthh5_intent_600.jsonl,none,300,2,150,150,300,0.82231,0.87414,0.82231,0.87414,10.8
hu_harm_deepseekv4pro_anthh5_intent_600.jsonl,none,300,3,150,150,300,0.83368,0.87224,0.83368,0.87224,10.3
hu_harm_deepseekv4pro_anthh5_intent_600.jsonl,none,300,4,150,150,300,0.77686,0.84796,0.77686,0.84796,9.3
hu_harm_deepseekv4pro_anthh5_intent_600.jsonl,none,300,5,150,150,300,0.76343,0.84997,0.76343,0.84997,9.3
hu_harm_deepseekv4pro_anthh5_intent_600.jsonl,none,300,6,150,150,300,0.74483,0.87893,0.74483,0.87893,9.6
hu_harm_deepseekv4pro_anthh5_intent_600.jsonl,none,300,7,150,150,300,0.82748,0.87547,0.82748,0.87547,10.6
hu_harm_deepseekv4pro_anthh5_intent_600.jsonl,none,150,0,75,75,150,0.77893,0.88193,0.77893,0.88193,5.7
hu_harm_deepseekv4pro_anthh5_intent_600.jsonl,none,150,1,75,75,150,0.80165,0.87247,0.80165,0.87247,5.8
hu_harm_deepseekv4pro_anthh5_intent_600.jsonl,none,150,2,75,75,150,0.84504,0.86679,0.84504,0.86679,6.7
hu_harm_deepseekv4pro_anthh5_intent_600.jsonl,none,150,3,75,75,150,0.80475,0.87781,0.80475,0.87781,6.0
hu_harm_deepseekv4pro_anthh5_intent_600.jsonl,none,150,4,75,75,150,0.80165,0.85888,0.80165,0.85888,5.9
hu_harm_deepseekv4pro_anthh5_intent_600.jsonl,none,150,5,75,75,150,0.77686,0.89151,0.77686,0.89151,5.7
hu_harm_deepseekv4pro_anthh5_intent_600.jsonl,none,150,6,75,75,150,0.7624,0.85832,0.7624,0.85832,5.9
hu_harm_deepseekv4pro_anthh5_intent_600.jsonl,none,150,7,75,75,150,0.80579,0.86679,0.80579,0.86679,5.7
hu_harm_deepseekv4pro_anthh5_intent_600.jsonl,none,75,0,37,38,75,0.83678,0.88383,0.83678,0.88383,5.2
hu_harm_deepseekv4pro_anthh5_intent_600.jsonl,none,75,1,37,38,75,0.74174,0.87146,0.74174,0.87146,3.9
hu_harm_deepseekv4pro_anthh5_intent_600.jsonl,none,75,2,37,38,75,0.84607,0.87469,0.84607,0.87469,4.0
hu_harm_deepseekv4pro_anthh5_intent_600.jsonl,none,75,3,37,38,75,0.81508,0.88895,0.81508,0.88895,3.8
hu_harm_deepseekv4pro_anthh5_intent_600.jsonl,none,75,4,37,38,75,0.84401,0.87714,0.84401,0.87714,3.7
hu_harm_deepseekv4pro_anthh5_intent_600.jsonl,none,75,5,37,38,75,0.79855,0.86834,0.79855,0.86834,3.7
hu_harm_deepseekv4pro_anthh5_intent_600.jsonl,none,75,6,37,38,75,0.79029,0.8728,0.79029,0.8728,4.0
hu_harm_deepseekv4pro_anthh5_intent_600.jsonl,none,75,7,37,38,75,0.86054,0.87948,0.86054,0.87948,4.9
hu_harm_deepseekv4pro_anthh5_longtail_600.jsonl,none,590,0,295,295,590,0.90083,0.87703,0.90083,0.87703,16.8
hu_harm_deepseekv4pro_anthh5_longtail_600.jsonl,none,590,1,295,295,590,0.93182,0.86033,0.93182,0.86033,17.1
hu_harm_deepseekv4pro_anthh5_longtail_600.jsonl,none,590,2,295,295,590,0.91942,0.87581,0.91942,0.87581,19.0
hu_harm_deepseekv4pro_anthh5_longtail_600.jsonl,none,590,3,295,295,590,0.92355,0.88349,0.92355,0.88349,16.6
hu_harm_deepseekv4pro_anthh5_longtail_600.jsonl,none,590,4,295,295,590,0.90393,0.89374,0.90393,0.89374,17.9
hu_harm_deepseekv4pro_anthh5_longtail_600.jsonl,none,590,5,295,295,590,0.88017,0.87102,0.88017,0.87102,17.6
hu_harm_deepseekv4pro_anthh5_longtail_600.jsonl,none,590,6,295,295,590,0.93285,0.85943,0.93285,0.85943,17.1
hu_harm_deepseekv4pro_anthh5_longtail_600.jsonl,none,590,7,295,295,590,0.91942,0.8816,0.91942,0.8816,17.2
hu_harm_deepseekv4pro_anthh5_longtail_600.jsonl,none,300,0,150,150,300,0.91632,0.88483,0.91632,0.88483,10.3
hu_harm_deepseekv4pro_anthh5_longtail_600.jsonl,none,300,1,150,150,300,0.91529,0.85776,0.91529,0.85776,9.4
hu_harm_deepseekv4pro_anthh5_longtail_600.jsonl,none,300,2,150,150,300,0.92355,0.86155,0.92355,0.86155,9.9
hu_harm_deepseekv4pro_anthh5_longtail_600.jsonl,none,300,3,150,150,300,0.87603,0.83415,0.87603,0.83415,9.3
hu_harm_deepseekv4pro_anthh5_longtail_600.jsonl,none,300,4,150,150,300,0.92045,0.87035,0.92045,0.87035,9.6
hu_harm_deepseekv4pro_anthh5_longtail_600.jsonl,none,300,5,150,150,300,0.90496,0.87503,0.90496,0.87503,10.1
hu_harm_deepseekv4pro_anthh5_longtail_600.jsonl,none,300,6,150,150,300,0.8905,0.87169,0.8905,0.87169,9.4
hu_harm_deepseekv4pro_anthh5_longtail_600.jsonl,none,300,7,150,150,300,0.95041,0.84841,0.95041,0.84841,16.1
hu_harm_deepseekv4pro_anthh5_longtail_600.jsonl,none,150,0,75,75,150,0.95041,0.89174,0.95041,0.89174,6.6
hu_harm_deepseekv4pro_anthh5_longtail_600.jsonl,none,150,1,75,75,150,0.93182,0.85364,0.93182,0.85364,5.8
hu_harm_deepseekv4pro_anthh5_longtail_600.jsonl,none,150,2,75,75,150,0.91012,0.862,0.91012,0.862,5.9
hu_harm_deepseekv4pro_anthh5_longtail_600.jsonl,none,150,3,75,75,150,0.92252,0.88728,0.92252,0.88728,9.8
hu_harm_deepseekv4pro_anthh5_longtail_600.jsonl,none,150,4,75,75,150,0.95455,0.88583,0.95455,0.88583,7.3
hu_harm_deepseekv4pro_anthh5_longtail_600.jsonl,none,150,5,75,75,150,0.8688,0.85398,0.8688,0.85398,5.8
hu_harm_deepseekv4pro_anthh5_longtail_600.jsonl,none,150,6,75,75,150,0.92252,0.85921,0.92252,0.85921,6.9
hu_harm_deepseekv4pro_anthh5_longtail_600.jsonl,none,150,7,75,75,150,0.91529,0.86177,0.91529,0.86177,6.1
hu_harm_deepseekv4pro_anthh5_longtail_600.jsonl,none,75,0,37,38,75,0.77583,0.81432,0.77583,0.81432,3.6
hu_harm_deepseekv4pro_anthh5_longtail_600.jsonl,none,75,1,37,38,75,0.93698,0.89185,0.93698,0.89185,4.7
hu_harm_deepseekv4pro_anthh5_longtail_600.jsonl,none,75,2,37,38,75,0.94421,0.9002,0.94421,0.9002,5.4
hu_harm_deepseekv4pro_anthh5_longtail_600.jsonl,none,75,3,37,38,75,0.90599,0.84139,0.90599,0.84139,4.2
hu_harm_deepseekv4pro_anthh5_longtail_600.jsonl,none,75,4,37,38,75,0.89979,0.8708,0.89979,0.8708,4.1
hu_harm_deepseekv4pro_anthh5_longtail_600.jsonl,none,75,5,37,38,75,0.93802,0.87469,0.93802,0.87469,4.2
hu_harm_deepseekv4pro_anthh5_longtail_600.jsonl,none,75,6,37,38,75,0.83471,0.81343,0.83471,0.81343,4.0
hu_harm_deepseekv4pro_anthh5_longtail_600.jsonl,none,75,7,37,38,75,0.92562,0.87146,0.92562,0.87146,4.2
hu_harm_deepseekv4pro_anthh5_nearmiss_600.jsonl,none,590,0,295,295,590,0.88017,0.90633,0.88017,0.90633,17.4
hu_harm_deepseekv4pro_anthh5_nearmiss_600.jsonl,none,590,1,295,295,590,0.88946,0.92771,0.88946,0.92771,18.1
hu_harm_deepseekv4pro_anthh5_nearmiss_600.jsonl,none,590,2,295,295,590,0.88223,0.92292,0.88223,0.92292,16.8
hu_harm_deepseekv4pro_anthh5_nearmiss_600.jsonl,none,590,3,295,295,590,0.85847,0.92849,0.85847,0.92849,16.9
hu_harm_deepseekv4pro_anthh5_nearmiss_600.jsonl,none,590,4,295,295,590,0.87397,0.92972,0.87397,0.92972,17.8
hu_harm_deepseekv4pro_anthh5_nearmiss_600.jsonl,none,590,5,295,295,590,0.89256,0.91791,0.89256,0.91791,17.4
hu_harm_deepseekv4pro_anthh5_nearmiss_600.jsonl,none,590,6,295,295,590,0.83574,0.91613,0.83574,0.91613,18.0
hu_harm_deepseekv4pro_anthh5_nearmiss_600.jsonl,none,590,7,295,295,590,0.91736,0.90933,0.91736,0.90933,17.0
hu_harm_deepseekv4pro_anthh5_nearmiss_600.jsonl,none,300,0,150,150,300,0.94731,0.89497,0.94731,0.89497,10.2
hu_harm_deepseekv4pro_anthh5_nearmiss_600.jsonl,none,300,1,150,150,300,0.94628,0.90299,0.94628,0.90299,10.7
hu_harm_deepseekv4pro_anthh5_nearmiss_600.jsonl,none,300,2,150,150,300,0.90702,0.89886,0.90702,0.89886,10.3
hu_harm_deepseekv4pro_anthh5_nearmiss_600.jsonl,none,300,3,150,150,300,0.94215,0.9247,0.94215,0.9247,10.3
hu_harm_deepseekv4pro_anthh5_nearmiss_600.jsonl,none,300,4,150,150,300,0.92459,0.94353,0.92459,0.94353,11.6
hu_harm_deepseekv4pro_anthh5_nearmiss_600.jsonl,none,300,5,150,150,300,0.89669,0.9129,0.89669,0.9129,9.9
hu_harm_deepseekv4pro_anthh5_nearmiss_600.jsonl,none,300,6,150,150,300,0.8812,0.92871,0.8812,0.92871,9.9
hu_harm_deepseekv4pro_anthh5_nearmiss_600.jsonl,none,300,7,150,150,300,0.94525,0.89497,0.94525,0.89497,9.5
hu_harm_deepseekv4pro_anthh5_nearmiss_600.jsonl,none,150,0,75,75,150,0.92665,0.90766,0.92665,0.90766,5.9
hu_harm_deepseekv4pro_anthh5_nearmiss_600.jsonl,none,150,1,75,75,150,0.95661,0.92303,0.95661,0.92303,6.4
hu_harm_deepseekv4pro_anthh5_nearmiss_600.jsonl,none,150,2,75,75,150,0.87087,0.90154,0.87087,0.90154,6.1
hu_harm_deepseekv4pro_anthh5_nearmiss_600.jsonl,none,150,3,75,75,150,0.89773,0.89764,0.89773,0.89764,5.8
hu_harm_deepseekv4pro_anthh5_nearmiss_600.jsonl,none,150,4,75,75,150,0.90702,0.92159,0.90702,0.92159,5.7
hu_harm_deepseekv4pro_anthh5_nearmiss_600.jsonl,none,150,5,75,75,150,0.88636,0.93094,0.88636,0.93094,6.3
hu_harm_deepseekv4pro_anthh5_nearmiss_600.jsonl,none,150,6,75,75,150,0.94628,0.9188,0.94628,0.9188,6.9
hu_harm_deepseekv4pro_anthh5_nearmiss_600.jsonl,none,150,7,75,75,150,0.95558,0.9384,0.95558,0.9384,7.0
hu_harm_deepseekv4pro_anthh5_nearmiss_600.jsonl,none,75,0,37,38,75,0.8905,0.8963,0.8905,0.8963,3.8
hu_harm_deepseekv4pro_anthh5_nearmiss_600.jsonl,none,75,1,37,38,75,0.89773,0.90777,0.89773,0.90777,3.9
hu_harm_deepseekv4pro_anthh5_nearmiss_600.jsonl,none,75,2,37,38,75,0.89669,0.90299,0.89669,0.90299,4.2
hu_harm_deepseekv4pro_anthh5_nearmiss_600.jsonl,none,75,3,37,38,75,0.91736,0.90777,0.91736,0.90777,5.0
hu_harm_deepseekv4pro_anthh5_nearmiss_600.jsonl,none,75,4,37,38,75,0.98244,0.88316,0.98244,0.88316,4.6
hu_harm_deepseekv4pro_anthh5_nearmiss_600.jsonl,none,75,5,37,38,75,0.94421,0.92225,0.94421,0.92225,4.6
hu_harm_deepseekv4pro_anthh5_nearmiss_600.jsonl,none,75,6,37,38,75,0.97314,0.87458,0.97314,0.87458,6.9
hu_harm_deepseekv4pro_anthh5_nearmiss_600.jsonl,none,75,7,37,38,75,0.92562,0.91357,0.92562,0.91357,7.3
hu_harm_deepseekv4pro_anthh5_replica_600.jsonl,none,590,0,295,295,590,0.89256,0.9051,0.89256,0.9051,17.9
hu_harm_deepseekv4pro_anthh5_replica_600.jsonl,none,590,1,295,295,590,0.8781,0.90811,0.8781,0.90811,17.7
hu_harm_deepseekv4pro_anthh5_replica_600.jsonl,none,590,2,295,295,590,0.89153,0.89563,0.89153,0.89563,33.7
hu_harm_deepseekv4pro_anthh5_replica_600.jsonl,none,590,3,295,295,590,0.88223,0.90098,0.88223,0.90098,16.9
hu_harm_deepseekv4pro_anthh5_replica_600.jsonl,none,590,4,295,295,590,0.90599,0.92025,0.90599,0.92025,17.6
hu_harm_deepseekv4pro_anthh5_replica_600.jsonl,none,590,5,295,295,590,0.86157,0.89742,0.86157,0.89742,27.8
hu_harm_deepseekv4pro_anthh5_replica_600.jsonl,none,590,6,295,295,590,0.86467,0.90243,0.86467,0.90243,17.6
hu_harm_deepseekv4pro_anthh5_replica_600.jsonl,none,590,7,295,295,590,0.86674,0.91312,0.86674,0.91312,30.6
hu_harm_deepseekv4pro_anthh5_replica_600.jsonl,none,300,0,150,150,300,0.8843,0.94219,0.8843,0.94219,11.2
hu_harm_deepseekv4pro_anthh5_replica_600.jsonl,none,300,1,150,150,300,0.83574,0.90131,0.83574,0.90131,10.1
hu_harm_deepseekv4pro_anthh5_replica_600.jsonl,none,300,2,150,150,300,0.92045,0.89363,0.92045,0.89363,11.9
hu_harm_deepseekv4pro_anthh5_replica_600.jsonl,none,300,3,150,150,300,0.8905,0.89708,0.8905,0.89708,10.4
hu_harm_deepseekv4pro_anthh5_replica_600.jsonl,none,300,4,150,150,300,0.91012,0.92593,0.91012,0.92593,10.5
