samples,base,n,draw,n_pos,n_neg,n_training_rows,dev_mean,eval_mean,dev_hc_context_drift,eval_hc_context_drift,seconds
instructions_deepseekv4pro_hcd5_domains_600.jsonl,none,590,0,295,295,590,0.99908,0.99968,0.99908,0.99968,35.3
instructions_deepseekv4pro_hcd5_domains_600.jsonl,none,590,1,295,295,590,0.99633,1.0,0.99633,1.0,22.1
instructions_deepseekv4pro_hcd5_domains_600.jsonl,none,590,2,295,295,590,1.0,0.99325,1.0,0.99325,21.2
instructions_deepseekv4pro_hcd5_domains_600.jsonl,none,590,3,295,295,590,1.0,0.99851,1.0,0.99851,21.5
instructions_deepseekv4pro_hcd5_domains_600.jsonl,none,590,4,295,295,590,0.98531,1.0,0.98531,1.0,21.7
instructions_deepseekv4pro_hcd5_domains_600.jsonl,none,590,5,295,295,590,1.0,0.99235,1.0,0.99235,19.9
instructions_deepseekv4pro_hcd5_domains_600.jsonl,none,590,6,295,295,590,1.0,0.99851,1.0,0.99851,21.0
instructions_deepseekv4pro_hcd5_domains_600.jsonl,none,590,7,295,295,590,0.99816,1.0,0.99816,1.0,20.0
instructions_deepseekv4pro_hcd5_domains_600.jsonl,none,300,0,150,150,300,1.0,0.99086,1.0,0.99086,11.7
instructions_deepseekv4pro_hcd5_domains_600.jsonl,none,300,1,150,150,300,0.99174,0.99989,0.99174,0.99989,12.3
instructions_deepseekv4pro_hcd5_domains_600.jsonl,none,300,2,150,150,300,0.99633,0.9933,0.99633,0.9933,11.7
instructions_deepseekv4pro_hcd5_domains_600.jsonl,none,300,3,150,150,300,0.99495,0.99851,0.99495,0.99851,12.6
instructions_deepseekv4pro_hcd5_domains_600.jsonl,none,300,4,150,150,300,0.99908,0.98842,0.99908,0.98842,12.1
instructions_deepseekv4pro_hcd5_domains_600.jsonl,none,300,5,150,150,300,0.99036,0.99936,0.99036,0.99936,11.3
instructions_deepseekv4pro_hcd5_domains_600.jsonl,none,300,6,150,150,300,0.99908,0.99957,0.99908,0.99957,12.0
instructions_deepseekv4pro_hcd5_domains_600.jsonl,none,300,7,150,150,300,1.0,0.99559,1.0,0.99559,11.9
instructions_deepseekv4pro_hcd5_domains_600.jsonl,none,150,0,75,75,150,0.97888,0.98788,0.97888,0.98788,8.0
instructions_deepseekv4pro_hcd5_domains_600.jsonl,none,150,1,75,75,150,0.54178,0.50494,0.54178,0.50494,7.6
instructions_deepseekv4pro_hcd5_domains_600.jsonl,none,150,2,75,75,150,0.94858,0.99086,0.94858,0.99086,7.9
instructions_deepseekv4pro_hcd5_domains_600.jsonl,none,150,3,75,75,150,0.81221,0.75874,0.81221,0.75874,8.1
instructions_deepseekv4pro_hcd5_domains_600.jsonl,none,150,4,75,75,150,0.8944,0.91567,0.8944,0.91567,8.2
instructions_deepseekv4pro_hcd5_domains_600.jsonl,none,150,5,75,75,150,0.86501,0.92677,0.86501,0.92677,8.2
instructions_deepseekv4pro_hcd5_domains_600.jsonl,none,150,6,75,75,150,0.68274,0.63195,0.68274,0.63195,8.6
instructions_deepseekv4pro_hcd5_domains_600.jsonl,none,150,7,75,75,150,0.50505,0.49442,0.50505,0.49442,6.6
instructions_deepseekv4pro_hcd5_domains_600.jsonl,none,75,0,37,38,75,0.58724,0.54012,0.58724,0.54012,5.7
instructions_deepseekv4pro_hcd5_domains_600.jsonl,none,75,1,37,38,75,0.67034,0.64061,0.67034,0.64061,5.4
instructions_deepseekv4pro_hcd5_domains_600.jsonl,none,75,2,37,38,75,0.51194,0.50085,0.51194,0.50085,5.1
instructions_deepseekv4pro_hcd5_domains_600.jsonl,none,75,3,37,38,75,0.5,0.49931,0.5,0.49931,4.2
instructions_deepseekv4pro_hcd5_domains_600.jsonl,none,75,4,37,38,75,0.78742,0.69471,0.78742,0.69471,4.9
instructions_deepseekv4pro_hcd5_domains_600.jsonl,none,75,5,37,38,75,0.5101,0.50813,0.5101,0.50813,5.4
instructions_deepseekv4pro_hcd5_domains_600.jsonl,none,75,6,37,38,75,0.50138,0.50627,0.50138,0.50627,4.5
instructions_deepseekv4pro_hcd5_domains_600.jsonl,none,75,7,37,38,75,0.51469,0.5084,0.51469,0.5084,4.7
instructions_deepseekv4pro_hcd5_failmodes_600.jsonl,none,590,0,295,295,590,0.99725,0.99957,0.99725,0.99957,25.4
instructions_deepseekv4pro_hcd5_failmodes_600.jsonl,none,590,1,295,295,590,0.99633,0.99926,0.99633,0.99926,21.3
instructions_deepseekv4pro_hcd5_failmodes_600.jsonl,none,590,2,295,295,590,0.99954,0.9992,0.99954,0.9992,41.2
instructions_deepseekv4pro_hcd5_failmodes_600.jsonl,none,590,3,295,295,590,0.99265,0.99989,0.99265,0.99989,21.6
instructions_deepseekv4pro_hcd5_failmodes_600.jsonl,none,590,4,295,295,590,0.99679,0.99867,0.99679,0.99867,20.9
instructions_deepseekv4pro_hcd5_failmodes_600.jsonl,none,590,5,295,295,590,0.99541,0.99989,0.99541,0.99989,22.2
instructions_deepseekv4pro_hcd5_failmodes_600.jsonl,none,590,6,295,295,590,0.99725,1.0,0.99725,1.0,29.9
instructions_deepseekv4pro_hcd5_failmodes_600.jsonl,none,590,7,295,295,590,0.9977,0.99984,0.9977,0.99984,21.0
instructions_deepseekv4pro_hcd5_failmodes_600.jsonl,none,300,0,150,150,300,0.98301,0.98895,0.98301,0.98895,12.0
instructions_deepseekv4pro_hcd5_failmodes_600.jsonl,none,300,1,150,150,300,0.99725,0.99766,0.99725,0.99766,13.3
instructions_deepseekv4pro_hcd5_failmodes_600.jsonl,none,300,2,150,150,300,0.99908,0.99841,0.99908,0.99841,13.3
instructions_deepseekv4pro_hcd5_failmodes_600.jsonl,none,300,3,150,150,300,0.99128,0.99968,0.99128,0.99968,11.8
instructions_deepseekv4pro_hcd5_failmodes_600.jsonl,none,300,4,150,150,300,0.99357,0.99894,0.99357,0.99894,13.1
instructions_deepseekv4pro_hcd5_failmodes_600.jsonl,none,300,5,150,150,300,0.99495,1.0,0.99495,1.0,12.5
instructions_deepseekv4pro_hcd5_failmodes_600.jsonl,none,300,6,150,150,300,0.98714,0.99538,0.98714,0.99538,11.7
instructions_deepseekv4pro_hcd5_failmodes_600.jsonl,none,300,7,150,150,300,0.99541,1.0,0.99541,1.0,12.2
instructions_deepseekv4pro_hcd5_failmodes_600.jsonl,none,150,0,75,75,150,0.99174,0.99139,0.99174,0.99139,7.6
instructions_deepseekv4pro_hcd5_failmodes_600.jsonl,none,150,1,75,75,150,0.955,0.9678,0.955,0.9678,7.9
instructions_deepseekv4pro_hcd5_failmodes_600.jsonl,none,150,2,75,75,150,0.99357,0.99006,0.99357,0.99006,8.0
instructions_deepseekv4pro_hcd5_failmodes_600.jsonl,none,150,3,75,75,150,0.99495,0.99936,0.99495,0.99936,9.4
instructions_deepseekv4pro_hcd5_failmodes_600.jsonl,none,150,4,75,75,150,0.95776,0.97736,0.95776,0.97736,7.4
instructions_deepseekv4pro_hcd5_failmodes_600.jsonl,none,150,5,75,75,150,0.99311,0.99314,0.99311,0.99314,8.0
instructions_deepseekv4pro_hcd5_failmodes_600.jsonl,none,150,6,75,75,150,0.95776,0.97332,0.95776,0.97332,7.8
instructions_deepseekv4pro_hcd5_failmodes_600.jsonl,none,150,7,75,75,150,0.99449,0.98778,0.99449,0.98778,7.7
instructions_deepseekv4pro_hcd5_failmodes_600.jsonl,none,75,0,37,38,75,0.69238,0.66149,0.69238,0.66149,4.6
instructions_deepseekv4pro_hcd5_failmodes_600.jsonl,none,75,1,37,38,75,0.81497,0.87645,0.81497,0.87645,6.7
instructions_deepseekv4pro_hcd5_failmodes_600.jsonl,none,75,2,37,38,75,0.81313,0.83537,0.81313,0.83537,5.3
instructions_deepseekv4pro_hcd5_failmodes_600.jsonl,none,75,3,37,38,75,0.94766,0.98485,0.94766,0.98485,5.6
instructions_deepseekv4pro_hcd5_failmodes_600.jsonl,none,75,4,37,38,75,0.66988,0.72186,0.66988,0.72186,4.8
instructions_deepseekv4pro_hcd5_failmodes_600.jsonl,none,75,5,37,38,75,0.65611,0.74264,0.65611,0.74264,5.1
instructions_deepseekv4pro_hcd5_failmodes_600.jsonl,none,75,6,37,38,75,0.84803,0.84818,0.84803,0.84818,5.5
instructions_deepseekv4pro_hcd5_failmodes_600.jsonl,none,75,7,37,38,75,0.809,0.90562,0.809,0.90562,5.7
instructions_deepseekv4pro_hcd5_grid_600.jsonl,none,590,0,295,295,590,0.99816,0.99362,0.99816,0.99362,23.9
instructions_deepseekv4pro_hcd5_grid_600.jsonl,none,590,1,295,295,590,0.99679,0.99989,0.99679,0.99989,20.3
instructions_deepseekv4pro_hcd5_grid_600.jsonl,none,590,2,295,295,590,0.99541,0.99208,0.99541,0.99208,22.1
instructions_deepseekv4pro_hcd5_grid_600.jsonl,none,590,3,295,295,590,1.0,0.99862,1.0,0.99862,24.5
instructions_deepseekv4pro_hcd5_grid_600.jsonl,none,590,4,295,295,590,0.99816,0.99686,0.99816,0.99686,20.3
instructions_deepseekv4pro_hcd5_grid_600.jsonl,none,590,5,295,295,590,0.98163,0.99989,0.98163,0.99989,21.0
instructions_deepseekv4pro_hcd5_grid_600.jsonl,none,590,6,295,295,590,0.99082,0.99968,0.99082,0.99968,23.6
instructions_deepseekv4pro_hcd5_grid_600.jsonl,none,590,7,295,295,590,0.98714,0.99389,0.98714,0.99389,20.5
instructions_deepseekv4pro_hcd5_grid_600.jsonl,none,300,0,150,150,300,0.99633,0.99979,0.99633,0.99979,12.1
instructions_deepseekv4pro_hcd5_grid_600.jsonl,none,300,1,150,150,300,0.99908,0.99968,0.99908,0.99968,11.4
instructions_deepseekv4pro_hcd5_grid_600.jsonl,none,300,2,150,150,300,0.9697,0.97917,0.9697,0.97917,12.6
instructions_deepseekv4pro_hcd5_grid_600.jsonl,none,300,3,150,150,300,0.99633,0.9933,0.99633,0.9933,12.1
instructions_deepseekv4pro_hcd5_grid_600.jsonl,none,300,4,150,150,300,0.99265,0.99469,0.99265,0.99469,11.8
instructions_deepseekv4pro_hcd5_grid_600.jsonl,none,300,5,150,150,300,1.0,0.99756,1.0,0.99756,12.2
instructions_deepseekv4pro_hcd5_grid_600.jsonl,none,300,6,150,150,300,0.99908,0.98937,0.99908,0.98937,14.8
instructions_deepseekv4pro_hcd5_grid_600.jsonl,none,300,7,150,150,300,0.98852,0.99926,0.98852,0.99926,11.4
instructions_deepseekv4pro_hcd5_grid_600.jsonl,none,150,0,75,75,150,0.99357,1.0,0.99357,1.0,7.4
instructions_deepseekv4pro_hcd5_grid_600.jsonl,none,150,1,75,75,150,0.99633,0.99942,0.99633,0.99942,7.2
instructions_deepseekv4pro_hcd5_grid_600.jsonl,none,150,2,75,75,150,0.97429,0.99081,0.97429,0.99081,7.3
instructions_deepseekv4pro_hcd5_grid_600.jsonl,none,150,3,75,75,150,0.96511,0.98879,0.96511,0.98879,7.0
instructions_deepseekv4pro_hcd5_grid_600.jsonl,none,150,4,75,75,150,0.96878,0.97959,0.96878,0.97959,7.7
instructions_deepseekv4pro_hcd5_grid_600.jsonl,none,150,5,75,75,150,0.99082,0.98555,0.99082,0.98555,7.6
instructions_deepseekv4pro_hcd5_grid_600.jsonl,none,150,6,75,75,150,0.99908,0.98916,0.99908,0.98916,9.5
instructions_deepseekv4pro_hcd5_grid_600.jsonl,none,150,7,75,75,150,0.85859,0.93448,0.85859,0.93448,8.0
instructions_deepseekv4pro_hcd5_grid_600.jsonl,none,75,0,37,38,75,0.83884,0.78691,0.83884,0.78691,8.7
instructions_deepseekv4pro_hcd5_grid_600.jsonl,none,75,1,37,38,75,0.91322,0.94107,0.91322,0.94107,5.5
instructions_deepseekv4pro_hcd5_grid_600.jsonl,none,75,2,37,38,75,0.93664,0.95382,0.93664,0.95382,7.4
instructions_deepseekv4pro_hcd5_grid_600.jsonl,none,75,3,37,38,75,0.98347,0.98108,0.98347,0.98108,5.7
instructions_deepseekv4pro_hcd5_grid_600.jsonl,none,75,4,37,38,75,0.98898,0.99543,0.98898,0.99543,5.5
instructions_deepseekv4pro_hcd5_grid_600.jsonl,none,75,5,37,38,75,0.882,0.92071,0.882,0.92071,6.9
instructions_deepseekv4pro_hcd5_grid_600.jsonl,none,75,6,37,38,75,0.63499,0.6312,0.63499,0.6312,5.7
instructions_deepseekv4pro_hcd5_grid_600.jsonl,none,75,7,37,38,75,0.83884,0.84387,0.83884,0.84387,6.5
instructions_deepseekv4pro_hcd5_replica_600.jsonl,none,590,0,295,295,590,0.9899,0.9983,0.9899,0.9983,24.7
instructions_deepseekv4pro_hcd5_replica_600.jsonl,none,590,1,295,295,590,0.99816,0.99904,0.99816,0.99904,23.6
instructions_deepseekv4pro_hcd5_replica_600.jsonl,none,590,2,295,295,590,0.97567,0.99915,0.97567,0.99915,21.4
instructions_deepseekv4pro_hcd5_replica_600.jsonl,none,590,3,295,295,590,0.99816,0.99915,0.99816,0.99915,22.0
instructions_deepseekv4pro_hcd5_replica_600.jsonl,none,590,4,295,295,590,0.99357,0.99894,0.99357,0.99894,22.3
instructions_deepseekv4pro_hcd5_replica_600.jsonl,none,590,5,295,295,590,0.99357,0.99926,0.99357,0.99926,22.9
instructions_deepseekv4pro_hcd5_replica_600.jsonl,none,590,6,295,295,590,0.98255,0.99851,0.98255,0.99851,20.5
instructions_deepseekv4pro_hcd5_replica_600.jsonl,none,590,7,295,295,590,0.99311,0.99872,0.99311,0.99872,26.8
instructions_deepseekv4pro_hcd5_replica_600.jsonl,none,300,0,150,150,300,0.99725,0.99989,0.99725,0.99989,14.5
instructions_deepseekv4pro_hcd5_replica_600.jsonl,none,300,1,150,150,300,0.97704,0.99883,0.97704,0.99883,13.9
instructions_deepseekv4pro_hcd5_replica_600.jsonl,none,300,2,150,150,300,0.99082,1.0,0.99082,1.0,11.9
instructions_deepseekv4pro_hcd5_replica_600.jsonl,none,300,3,150,150,300,0.99633,0.99979,0.99633,0.99979,13.0
instructions_deepseekv4pro_hcd5_replica_600.jsonl,none,300,4,150,150,300,0.98852,0.99564,0.98852,0.99564,11.5
instructions_deepseekv4pro_hcd5_replica_600.jsonl,none,300,5,150,150,300,1.0,0.99947,1.0,0.99947,18.4
instructions_deepseekv4pro_hcd5_replica_600.jsonl,none,300,6,150,150,300,0.99633,0.99931,0.99633,0.99931,12.8
instructions_deepseekv4pro_hcd5_replica_600.jsonl,none,300,7,150,150,300,0.97199,0.99389,0.97199,0.99389,12.5
instructions_deepseekv4pro_hcd5_replica_600.jsonl,none,150,0,75,75,150,0.98669,0.99671,0.98669,0.99671,7.3
instructions_deepseekv4pro_hcd5_replica_600.jsonl,none,150,1,75,75,150,0.97337,0.99596,0.97337,0.99596,7.2
instructions_deepseekv4pro_hcd5_replica_600.jsonl,none,150,2,75,75,150,0.98623,0.99745,0.98623,0.99745,7.7
instructions_deepseekv4pro_hcd5_replica_600.jsonl,none,150,3,75,75,150,0.94353,0.98411,0.94353,0.98411,7.2
instructions_deepseekv4pro_hcd5_replica_600.jsonl,none,150,4,75,75,150,0.98439,0.99968,0.98439,0.99968,7.2
instructions_deepseekv4pro_hcd5_replica_600.jsonl,none,150,5,75,75,150,0.96786,0.98406,0.96786,0.98406,7.1
instructions_deepseekv4pro_hcd5_replica_600.jsonl,none,150,6,75,75,150,0.99449,0.99362,0.99449,0.99362,8.2
instructions_deepseekv4pro_hcd5_replica_600.jsonl,none,150,7,75,75,150,0.99908,0.99288,0.99908,0.99288,8.3
instructions_deepseekv4pro_hcd5_replica_600.jsonl,none,75,0,37,38,75,0.92516,0.99198,0.92516,0.99198,5.9
instructions_deepseekv4pro_hcd5_replica_600.jsonl,none,75,1,37,38,75,0.96327,0.98969,0.96327,0.98969,5.2
instructions_deepseekv4pro_hcd5_replica_600.jsonl,none,75,2,37,38,75,0.96281,0.95908,0.96281,0.95908,5.4
instructions_deepseekv4pro_hcd5_replica_600.jsonl,none,75,3,37,38,75,0.58448,0.59921,0.58448,0.59921,6.5
instructions_deepseekv4pro_hcd5_replica_600.jsonl,none,75,4,37,38,75,0.98714,0.9864,0.98714,0.9864,5.3
instructions_deepseekv4pro_hcd5_replica_600.jsonl,none,75,5,37,38,75,0.89532,0.89696,0.89532,0.89696,5.3
instructions_deepseekv4pro_hcd5_replica_600.jsonl,none,75,6,37,38,75,0.8517,0.89739,0.8517,0.89739,5.8
instructions_deepseekv4pro_hcd5_replica_600.jsonl,none,75,7,37,38,75,0.99816,0.99979,0.99816,0.99979,6.3
instructions_deepseekv4pro_hcd5_verbose_600.jsonl,none,590,0,295,295,590,0.96419,0.98406,0.96419,0.98406,26.4
instructions_deepseekv4pro_hcd5_verbose_600.jsonl,none,590,1,295,295,590,0.99128,0.99904,0.99128,0.99904,22.1
instructions_deepseekv4pro_hcd5_verbose_600.jsonl,none,590,2,295,295,590,0.96051,0.98826,0.96051,0.98826,45.4
instructions_deepseekv4pro_hcd5_verbose_600.jsonl,none,590,3,295,295,590,0.99174,0.99883,0.99174,0.99883,22.9
instructions_deepseekv4pro_hcd5_verbose_600.jsonl,none,590,4,295,295,590,0.9775,0.99915,0.9775,0.99915,22.5
instructions_deepseekv4pro_hcd5_verbose_600.jsonl,none,590,5,295,295,590,0.94628,0.95281,0.94628,0.95281,22.0
instructions_deepseekv4pro_hcd5_verbose_600.jsonl,none,590,6,295,295,590,0.98255,0.99846,0.98255,0.99846,40.8
instructions_deepseekv4pro_hcd5_verbose_600.jsonl,none,590,7,295,295,590,0.99311,0.99957,0.99311,0.99957,25.4
instructions_deepseekv4pro_hcd5_verbose_600.jsonl,none,300,0,150,150,300,0.97796,0.99442,0.97796,0.99442,12.3
instructions_deepseekv4pro_hcd5_verbose_600.jsonl,none,300,1,150,150,300,0.955,0.99942,0.955,0.99942,29.4
instructions_deepseekv4pro_hcd5_verbose_600.jsonl,none,300,2,150,150,300,0.92654,0.95945,0.92654,0.95945,12.6
instructions_deepseekv4pro_hcd5_verbose_600.jsonl,none,300,3,150,150,300,0.9123,0.96424,0.9123,0.96424,16.3
instructions_deepseekv4pro_hcd5_verbose_600.jsonl,none,300,4,150,150,300,0.98623,0.99841,0.98623,0.99841,19.2
instructions_deepseekv4pro_hcd5_verbose_600.jsonl,none,300,5,150,150,300,0.98623,0.99915,0.98623,0.99915,13.7
instructions_deepseekv4pro_hcd5_verbose_600.jsonl,none,300,6,150,150,300,0.9899,0.99872,0.9899,0.99872,31.2
instructions_deepseekv4pro_hcd5_verbose_600.jsonl,none,300,7,150,150,300,0.99816,0.99756,0.99816,0.99756,13.2
instructions_deepseekv4pro_hcd5_verbose_600.jsonl,none,150,0,75,75,150,0.66896,0.70337,0.66896,0.70337,8.7
instructions_deepseekv4pro_hcd5_verbose_600.jsonl,none,150,1,75,75,150,0.70248,0.75364,0.70248,0.75364,8.0
instructions_deepseekv4pro_hcd5_verbose_600.jsonl,none,150,2,75,75,150,0.5303,0.52588,0.5303,0.52588,7.3
instructions_deepseekv4pro_hcd5_verbose_600.jsonl,none,150,3,75,75,150,0.59458,0.58779,0.59458,0.58779,7.9
instructions_deepseekv4pro_hcd5_verbose_600.jsonl,none,150,4,75,75,150,0.62029,0.63949,0.62029,0.63949,8.3
instructions_deepseekv4pro_hcd5_verbose_600.jsonl,none,150,5,75,75,150,0.80028,0.85227,0.80028,0.85227,8.5
instructions_deepseekv4pro_hcd5_verbose_600.jsonl,none,150,6,75,75,150,0.81313,0.80843,0.81313,0.80843,8.8
instructions_deepseekv4pro_hcd5_verbose_600.jsonl,none,150,7,75,75,150,0.84527,0.88442,0.84527,0.88442,8.6
instructions_deepseekv4pro_hcd5_verbose_600.jsonl,none,75,0,37,38,75,0.49311,0.49421,0.49311,0.49421,4.5
instructions_deepseekv4pro_hcd5_verbose_600.jsonl,none,75,1,37,38,75,0.50551,0.50627,0.50551,0.50627,4.9
instructions_deepseekv4pro_hcd5_verbose_600.jsonl,none,75,2,37,38,75,0.53857,0.52514,0.53857,0.52514,4.4
instructions_deepseekv4pro_hcd5_verbose_600.jsonl,none,75,3,37,38,75,0.5303,0.5373,0.5303,0.5373,4.8
instructions_deepseekv4pro_hcd5_verbose_600.jsonl,none,75,4,37,38,75,0.52617,0.51419,0.52617,0.51419,5.1
instructions_deepseekv4pro_hcd5_verbose_600.jsonl,none,75,5,37,38,75,0.49587,0.50478,0.49587,0.50478,4.4
instructions_deepseekv4pro_hcd5_verbose_600.jsonl,none,75,6,37,38,75,0.49816,0.50106,0.49816,0.50106,4.5
instructions_deepseekv4pro_hcd5_verbose_600.jsonl,none,75,7,37,38,75,0.573,0.53932,0.573,0.53932,4.9
instructions_deepseekv4pro_hcd5_domains_600.jsonl,none+ga1,40,0,20,20,40,0.52893,0.51881,0.52893,0.51881,6.6
instructions_deepseekv4pro_hcd5_domains_600.jsonl,none+ga1,40,1,20,20,40,0.68365,0.72213,0.68365,0.72213,5.6
instructions_deepseekv4pro_hcd5_domains_600.jsonl,none+ga1,40,2,20,20,40,0.81589,0.85147,0.81589,0.85147,5.1
instructions_deepseekv4pro_hcd5_domains_600.jsonl,none+ga1,40,3,20,20,40,0.56382,0.5524,0.56382,0.5524,5.4
instructions_deepseekv4pro_hcd5_domains_600.jsonl,none+ga1,40,4,20,20,40,0.49449,0.49676,0.49449,0.49676,5.0
instructions_deepseekv4pro_hcd5_domains_600.jsonl,none+ga1,40,5,20,20,40,0.58035,0.54474,0.58035,0.54474,5.2
instructions_deepseekv4pro_hcd5_domains_600.jsonl,none+ga1,40,6,20,20,40,0.50826,0.50675,0.50826,0.50675,5.2
instructions_deepseekv4pro_hcd5_domains_600.jsonl,none+ga1,40,7,20,20,40,0.5303,0.52115,0.5303,0.52115,5.1
instructions_deepseekv4pro_hcd5_domains_600.jsonl,none+ga1,20,0,10,10,20,0.50735,0.50749,0.50735,0.50749,4.3
instructions_deepseekv4pro_hcd5_domains_600.jsonl,none+ga1,20,1,10,10,20,0.55556,0.53523,0.55556,0.53523,5.0
instructions_deepseekv4pro_hcd5_domains_600.jsonl,none+ga1,20,2,10,10,20,0.48485,0.49049,0.48485,0.49049,4.4
instructions_deepseekv4pro_hcd5_domains_600.jsonl,none+ga1,20,3,10,10,20,0.49954,0.49548,0.49954,0.49548,4.3
instructions_deepseekv4pro_hcd5_domains_600.jsonl,none+ga1,20,4,10,10,20,0.48806,0.49702,0.48806,0.49702,4.1
instructions_deepseekv4pro_hcd5_domains_600.jsonl,none+ga1,20,5,10,10,20,0.4899,0.49729,0.4899,0.49729,4.1
instructions_deepseekv4pro_hcd5_domains_600.jsonl,none+ga1,20,6,10,10,20,0.48623,0.49198,0.48623,0.49198,4.1
instructions_deepseekv4pro_hcd5_domains_600.jsonl,none+ga1,20,7,10,10,20,0.52617,0.50802,0.52617,0.50802,4.1
instructions_deepseekv4pro_hcd5_domains_600.jsonl,none+ga1,10,0,5,5,10,0.49816,0.49495,0.49816,0.49495,4.0
instructions_deepseekv4pro_hcd5_domains_600.jsonl,none+ga1,10,1,5,5,10,0.4899,0.49469,0.4899,0.49469,3.9
instructions_deepseekv4pro_hcd5_domains_600.jsonl,none+ga1,10,2,5,5,10,0.49082,0.49596,0.49082,0.49596,3.8
instructions_deepseekv4pro_hcd5_domains_600.jsonl,none+ga1,10,3,5,5,10,0.49403,0.49644,0.49403,0.49644,3.9
instructions_deepseekv4pro_hcd5_domains_600.jsonl,none+ga1,10,4,5,5,10,0.49265,0.49437,0.49265,0.49437,3.8
instructions_deepseekv4pro_hcd5_domains_600.jsonl,none+ga1,10,5,5,5,10,0.48623,0.49267,0.48623,0.49267,3.8
instructions_deepseekv4pro_hcd5_domains_600.jsonl,none+ga1,10,6,5,5,10,0.48944,0.49697,0.48944,0.49697,3.8
instructions_deepseekv4pro_hcd5_domains_600.jsonl,none+ga1,10,7,5,5,10,0.51653,0.50675,0.51653,0.50675,4.0
instructions_deepseekv4pro_hcd5_failmodes_600.jsonl,none+ga1,40,0,20,20,40,0.83884,0.88872,0.83884,0.88872,5.3
instructions_deepseekv4pro_hcd5_failmodes_600.jsonl,none+ga1,40,1,20,20,40,0.85308,0.83766,0.85308,0.83766,5.3
instructions_deepseekv4pro_hcd5_failmodes_600.jsonl,none+ga1,40,2,20,20,40,0.72314,0.61011,0.72314,0.61011,5.3
instructions_deepseekv4pro_hcd5_failmodes_600.jsonl,none+ga1,40,3,20,20,40,0.68916,0.77537,0.68916,0.77537,5.1
instructions_deepseekv4pro_hcd5_failmodes_600.jsonl,none+ga1,40,4,20,20,40,0.80624,0.81757,0.80624,0.81757,5.1
instructions_deepseekv4pro_hcd5_failmodes_600.jsonl,none+ga1,40,5,20,20,40,0.94858,0.97906,0.94858,0.97906,5.7
instructions_deepseekv4pro_hcd5_failmodes_600.jsonl,none+ga1,40,6,20,20,40,0.69605,0.71453,0.69605,0.71453,5.1
