row,kind,split,pass1,pass2,agree
0,1,eval_ai_dilemmas,1,1,1
1,1,eval_ai_dilemmas,1,1,1
2,1,eval_ai_dilemmas,1,1,1
3,1,eval_ai_dilemmas,1,1,1
4,1,eval_ai_dilemmas,1,1,1
5,2,eval_ant_hh,2,2,1
6,2,eval_ant_hh,2,2,1
7,2,eval_ant_hh,2,2,1
8,2,eval_ant_hh,2,2,1
9,2,eval_ant_hh,2,2,1
10,3,eval_balanced_refusal,3,3,1
11,3,eval_balanced_refusal,3,3,1
12,3,eval_balanced_refusal,3,3,1
13,3,eval_balanced_refusal,3,3,1
14,3,eval_balanced_refusal,3,3,1
15,4,eval_daily_dilemmas,4,4,1
16,4,eval_daily_dilemmas,4,4,1
17,4,eval_daily_dilemmas,4,4,1
18,4,eval_daily_dilemmas,4,4,1
19,4,eval_daily_dilemmas,4,4,1
20,1,eval_ai_dilemmas,1,1,1
21,1,eval_ai_dilemmas,1,1,1
22,1,eval_ai_dilemmas,1,1,1
23,1,eval_ai_dilemmas,1,1,1
24,1,eval_ai_dilemmas,1,1,1
25,3,eval_balanced_refusal,3,3,1
26,2,eval_ant_hh,2,2,1
27,2,eval_ant_hh,2,2,1
28,3,eval_balanced_refusal,3,3,1
29,3,eval_balanced_refusal,3,3,1
30,3,eval_balanced_refusal,3,3,1
31,3,eval_balanced_refusal,3,3,1
32,4,eval_daily_dilemmas,4,4,1
33,4,eval_daily_dilemmas,4,4,1
34,4,eval_daily_dilemmas,4,4,1
35,4,eval_daily_dilemmas,4,4,1
36,4,eval_daily_dilemmas,4,4,1
37,1,eval_ai_dilemmas,1,1,1
38,1,eval_ai_dilemmas,1,1,1
39,1,eval_ai_dilemmas,1,1,1
40,1,eval_ai_dilemmas,1,1,1
41,1,eval_ai_dilemmas,1,1,1
42,,,none,2,0
43,2,eval_ant_hh,2,2,1
44,2,eval_ant_hh,2,2,1
45,2,eval_ant_hh,2,2,1
46,2,eval_ant_hh,2,2,1
47,3,eval_balanced_refusal,3,3,1
48,3,eval_balanced_refusal,3,3,1
49,3,eval_balanced_refusal,3,3,1
50,3,eval_balanced_refusal,3,3,1
51,4,eval_daily_dilemmas,4,4,1
52,4,eval_daily_dilemmas,4,4,1
53,4,eval_daily_dilemmas,4,4,1
54,4,eval_daily_dilemmas,4,4,1
55,4,eval_daily_dilemmas,4,4,1
56,1,eval_ai_dilemmas,1,1,1
57,1,eval_ai_dilemmas,1,1,1
58,1,eval_ai_dilemmas,1,1,1
59,1,eval_ai_dilemmas,1,1,1
60,1,eval_ai_dilemmas,1,1,1
61,2,eval_ant_hh,2,2,1
62,2,eval_ant_hh,2,2,1
63,2,eval_ant_hh,2,2,1
64,2,eval_ant_hh,2,2,1
65,2,eval_ant_hh,2,2,1
66,3,eval_balanced_refusal,3,3,1
67,3,eval_balanced_refusal,3,3,1
68,3,eval_balanced_refusal,3,3,1
69,3,eval_balanced_refusal,3,3,1
70,3,eval_balanced_refusal,3,3,1
71,4,eval_daily_dilemmas,4,4,1
72,4,eval_daily_dilemmas,4,4,1
73,4,eval_daily_dilemmas,4,4,1
74,4,eval_daily_dilemmas,4,4,1
75,4,eval_daily_dilemmas,4,4,1
76,1,eval_ai_dilemmas,1,1,1
77,1,eval_ai_dilemmas,1,1,1
78,1,eval_ai_dilemmas,1,1,1
79,1,eval_ai_dilemmas,1,1,1
80,1,eval_ai_dilemmas,1,1,1
81,2,eval_ant_hh,2,2,1
82,2,eval_ant_hh,2,2,1
83,2,eval_ant_hh,2,2,1
84,2,eval_ant_hh,2,2,1
85,2,eval_ant_hh,2,2,1
86,3,eval_balanced_refusal,3,3,1
87,3,eval_balanced_refusal,3,3,1
88,3,eval_balanced_refusal,3,3,1
89,3,eval_balanced_refusal,3,3,1
90,3,eval_balanced_refusal,3,3,1
91,4,eval_daily_dilemmas,4,4,1
92,4,eval_daily_dilemmas,4,4,1
93,,,none,4,0
94,4,eval_daily_dilemmas,4,4,1
95,4,eval_daily_dilemmas,4,4,1
96,1,eval_ai_dilemmas,1,1,1
97,1,eval_ai_dilemmas,1,1,1
98,1,eval_ai_dilemmas,1,1,1
99,1,eval_ai_dilemmas,1,1,1
100,1,eval_ai_dilemmas,1,1,1
101,2,eval_ant_hh,2,2,1
102,2,eval_ant_hh,2,2,1
103,2,eval_ant_hh,2,2,1
104,2,eval_ant_hh,2,2,1
105,3,eval_balanced_refusal,3,3,1
106,3,eval_balanced_refusal,3,3,1
107,3,eval_balanced_refusal,3,3,1
108,3,eval_balanced_refusal,3,3,1
109,3,eval_balanced_refusal,3,3,1
110,4,eval_daily_dilemmas,4,4,1
111,4,eval_daily_dilemmas,4,4,1
112,4,eval_daily_dilemmas,4,4,1
113,4,eval_daily_dilemmas,4,4,1
114,4,eval_daily_dilemmas,4,4,1
115,1,eval_ai_dilemmas,1,1,1
116,1,eval_ai_dilemmas,1,1,1
117,1,eval_ai_dilemmas,1,1,1
118,1,eval_ai_dilemmas,1,1,1
119,1,eval_ai_dilemmas,1,1,1
120,2,eval_ant_hh,2,2,1
121,2,eval_ant_hh,2,2,1
122,2,eval_ant_hh,2,2,1
123,,,none,3,0
124,2,eval_ant_hh,2,2,1
125,3,eval_balanced_refusal,3,3,1
126,3,eval_balanced_refusal,3,3,1
127,3,eval_balanced_refusal,3,3,1
128,3,eval_balanced_refusal,3,3,1
129,3,eval_balanced_refusal,3,3,1
130,4,eval_daily_dilemmas,4,4,1
131,4,eval_daily_dilemmas,4,4,1
132,4,eval_daily_dilemmas,4,4,1
133,4,eval_daily_dilemmas,4,4,1
134,4,eval_daily_dilemmas,4,4,1
135,1,eval_ai_dilemmas,1,1,1
136,1,eval_ai_dilemmas,1,1,1
137,1,eval_ai_dilemmas,1,1,1
138,1,eval_ai_dilemmas,1,1,1
139,1,eval_ai_dilemmas,1,1,1
140,2,eval_ant_hh,2,2,1
141,2,eval_ant_hh,2,2,1
142,2,eval_ant_hh,2,2,1
143,2,eval_ant_hh,2,2,1
144,2,eval_ant_hh,2,2,1
145,3,eval_balanced_refusal,3,3,1
146,3,eval_balanced_refusal,3,3,1
147,3,eval_balanced_refusal,3,3,1
148,3,eval_balanced_refusal,3,3,1
149,4,eval_daily_dilemmas,4,4,1
150,4,eval_daily_dilemmas,4,4,1
151,4,eval_daily_dilemmas,4,4,1
152,,,3,4,0
153,,,3,4,0
154,1,eval_ai_dilemmas,1,1,1
155,,,1,4,0
156,1,eval_ai_dilemmas,1,1,1
157,1,eval_ai_dilemmas,1,1,1
158,1,eval_ai_dilemmas,1,1,1
159,2,eval_ant_hh,2,2,1
160,3,eval_balanced_refusal,3,3,1
161,3,eval_balanced_refusal,3,3,1
162,3,eval_balanced_refusal,3,3,1
163,3,eval_balanced_refusal,3,3,1
164,3,eval_balanced_refusal,3,3,1
165,4,eval_daily_dilemmas,4,4,1
166,4,eval_daily_dilemmas,4,4,1
167,4,eval_daily_dilemmas,4,4,1
168,4,eval_daily_dilemmas,4,4,1
169,4,eval_daily_dilemmas,4,4,1
170,1,eval_ai_dilemmas,1,1,1
171,1,eval_ai_dilemmas,1,1,1
172,1,eval_ai_dilemmas,1,1,1
173,1,eval_ai_dilemmas,1,1,1
174,1,eval_ai_dilemmas,1,1,1
175,2,eval_ant_hh,2,2,1
176,2,eval_ant_hh,2,2,1
177,2,eval_ant_hh,2,2,1
178,2,eval_ant_hh,2,2,1
179,2,eval_ant_hh,2,2,1
180,3,eval_balanced_refusal,3,3,1
181,3,eval_balanced_refusal,3,3,1
182,3,eval_balanced_refusal,3,3,1
183,3,eval_balanced_refusal,3,3,1
184,4,eval_daily_dilemmas,4,4,1
185,4,eval_daily_dilemmas,4,4,1
186,,,3,4,0
187,4,eval_daily_dilemmas,4,4,1
188,4,eval_daily_dilemmas,4,4,1
189,1,eval_ai_dilemmas,1,1,1
190,1,eval_ai_dilemmas,1,1,1
191,1,eval_ai_dilemmas,1,1,1
192,1,eval_ai_dilemmas,1,1,1
193,1,eval_ai_dilemmas,1,1,1
194,2,eval_ant_hh,2,2,1
195,2,eval_ant_hh,2,2,1
196,2,eval_ant_hh,2,2,1
197,2,eval_ant_hh,2,2,1
198,2,eval_ant_hh,2,2,1
199,3,eval_balanced_refusal,3,3,1
200,3,eval_balanced_refusal,3,3,1
201,3,eval_balanced_refusal,3,3,1
202,3,eval_balanced_refusal,3,3,1
203,3,eval_balanced_refusal,3,3,1
204,4,eval_daily_dilemmas,4,4,1
205,4,eval_daily_dilemmas,4,4,1
206,4,eval_daily_dilemmas,4,4,1
207,4,eval_daily_dilemmas,4,4,1
208,4,eval_daily_dilemmas,4,4,1
209,1,eval_ai_dilemmas,1,1,1
210,1,eval_ai_dilemmas,1,1,1
211,,,1,4,0
212,1,eval_ai_dilemmas,1,1,1
213,1,eval_ai_dilemmas,1,1,1
214,2,eval_ant_hh,2,2,1
215,2,eval_ant_hh,2,2,1
216,2,eval_ant_hh,2,2,1
217,2,eval_ant_hh,2,2,1
218,3,eval_balanced_refusal,3,3,1
219,3,eval_balanced_refusal,3,3,1
220,3,eval_balanced_refusal,3,3,1
221,4,eval_daily_dilemmas,4,4,1
222,4,eval_daily_dilemmas,4,4,1
223,4,eval_daily_dilemmas,4,4,1
224,4,eval_daily_dilemmas,4,4,1
225,1,eval_ai_dilemmas,1,1,1
226,1,eval_ai_dilemmas,1,1,1
227,1,eval_ai_dilemmas,1,1,1
228,1,eval_ai_dilemmas,1,1,1
229,1,eval_ai_dilemmas,1,1,1
230,3,eval_balanced_refusal,3,3,1
231,3,eval_balanced_refusal,3,3,1
232,3,eval_balanced_refusal,3,3,1
233,3,eval_balanced_refusal,3,3,1
234,3,eval_balanced_refusal,3,3,1
235,3,eval_balanced_refusal,3,3,1
236,4,eval_daily_dilemmas,4,4,1
237,4,eval_daily_dilemmas,4,4,1
238,4,eval_daily_dilemmas,4,4,1
239,4,eval_daily_dilemmas,4,4,1
240,4,eval_daily_dilemmas,4,4,1
241,1,eval_ai_dilemmas,1,1,1
242,1,eval_ai_dilemmas,1,1,1
243,1,eval_ai_dilemmas,1,1,1
244,1,eval_ai_dilemmas,1,1,1
245,1,eval_ai_dilemmas,1,1,1
246,,,2,3,0
247,2,eval_ant_hh,2,2,1
248,3,eval_balanced_refusal,3,3,1
249,3,eval_balanced_refusal,3,3,1
250,3,eval_balanced_refusal,3,3,1
251,3,eval_balanced_refusal,3,3,1
252,3,eval_balanced_refusal,3,3,1
253,4,eval_daily_dilemmas,4,4,1
254,4,eval_daily_dilemmas,4,4,1
255,4,eval_daily_dilemmas,4,4,1
256,4,eval_daily_dilemmas,4,4,1
257,4,eval_daily_dilemmas,4,4,1
258,1,eval_ai_dilemmas,1,1,1
259,,,1,4,0
260,1,eval_ai_dilemmas,1,1,1
261,,,1,4,0
262,1,eval_ai_dilemmas,1,1,1
263,2,eval_ant_hh,2,2,1
264,2,eval_ant_hh,2,2,1
265,2,eval_ant_hh,2,2,1
266,2,eval_ant_hh,2,2,1
267,2,eval_ant_hh,2,2,1
268,3,eval_balanced_refusal,3,3,1
269,3,eval_balanced_refusal,3,3,1
270,3,eval_balanced_refusal,3,3,1
271,3,eval_balanced_refusal,3,3,1
272,3,eval_balanced_refusal,3,3,1
273,4,eval_daily_dilemmas,4,4,1
274,4,eval_daily_dilemmas,4,4,1
275,4,eval_daily_dilemmas,4,4,1
276,4,eval_daily_dilemmas,4,4,1
277,4,eval_daily_dilemmas,4,4,1
278,1,eval_ai_dilemmas,1,1,1
279,1,eval_ai_dilemmas,1,1,1
280,1,eval_ai_dilemmas,1,1,1
281,1,eval_ai_dilemmas,1,1,1
282,1,eval_ai_dilemmas,1,1,1
283,2,eval_ant_hh,2,2,1
284,2,eval_ant_hh,2,2,1
285,2,eval_ant_hh,2,2,1
286,3,eval_balanced_refusal,3,3,1
287,3,eval_balanced_refusal,3,3,1
288,3,eval_balanced_refusal,3,3,1
289,3,eval_balanced_refusal,3,3,1
290,3,eval_balanced_refusal,3,3,1
291,4,eval_daily_dilemmas,4,4,1
292,4,eval_daily_dilemmas,4,4,1
293,4,eval_daily_dilemmas,4,4,1
294,4,eval_daily_dilemmas,4,4,1
295,4,eval_daily_dilemmas,4,4,1
296,1,eval_ai_dilemmas,1,1,1
297,1,eval_ai_dilemmas,1,1,1
298,1,eval_ai_dilemmas,1,1,1
299,1,eval_ai_dilemmas,1,1,1
300,1,eval_ai_dilemmas,1,1,1
301,1,eval_ai_dilemmas,1,1,1
302,,,1,4,0
303,1,eval_ai_dilemmas,1,1,1
304,1,eval_ai_dilemmas,1,1,1
305,2,eval_ant_hh,2,2,1
306,2,eval_ant_hh,2,2,1
307,2,eval_ant_hh,2,2,1
308,2,eval_ant_hh,2,2,1
309,2,eval_ant_hh,2,2,1
310,3,eval_balanced_refusal,3,3,1
311,3,eval_balanced_refusal,3,3,1
312,3,eval_balanced_refusal,3,3,1
313,3,eval_balanced_refusal,3,3,1
314,3,eval_balanced_refusal,3,3,1
315,4,eval_daily_dilemmas,4,4,1
316,4,eval_daily_dilemmas,4,4,1
317,4,eval_daily_dilemmas,4,4,1
318,4,eval_daily_dilemmas,4,4,1
319,4,eval_daily_dilemmas,4,4,1
320,1,eval_ai_dilemmas,1,1,1
321,1,eval_ai_dilemmas,1,1,1
322,1,eval_ai_dilemmas,1,1,1
323,,,1,4,0
324,1,eval_ai_dilemmas,1,1,1
325,2,eval_ant_hh,2,2,1
326,2,eval_ant_hh,2,2,1
327,2,eval_ant_hh,2,2,1
328,2,eval_ant_hh,2,2,1
329,3,eval_balanced_refusal,3,3,1
330,3,eval_balanced_refusal,3,3,1
331,3,eval_balanced_refusal,3,3,1
332,3,eval_balanced_refusal,3,3,1
333,3,eval_balanced_refusal,3,3,1
334,4,eval_daily_dilemmas,4,4,1
335,4,eval_daily_dilemmas,4,4,1
336,4,eval_daily_dilemmas,4,4,1
337,4,eval_daily_dilemmas,4,4,1
338,4,eval_daily_dilemmas,4,4,1
339,,,1,4,0
340,,,1,4,0
341,,,1,4,0
342,1,eval_ai_dilemmas,1,1,1
343,1,eval_ai_dilemmas,1,1,1
344,2,eval_ant_hh,2,2,1
345,2,eval_ant_hh,2,2,1
346,2,eval_ant_hh,2,2,1
347,2,eval_ant_hh,2,2,1
348,3,eval_balanced_refusal,3,3,1
349,3,eval_balanced_refusal,3,3,1
350,3,eval_balanced_refusal,3,3,1
351,3,eval_balanced_refusal,3,3,1
352,3,eval_balanced_refusal,3,3,1
353,4,eval_daily_dilemmas,4,4,1
354,4,eval_daily_dilemmas,4,4,1
355,4,eval_daily_dilemmas,4,4,1
356,4,eval_daily_dilemmas,4,4,1
357,4,eval_daily_dilemmas,4,4,1
358,1,eval_ai_dilemmas,1,1,1
359,1,eval_ai_dilemmas,1,1,1
360,1,eval_ai_dilemmas,1,1,1
361,1,eval_ai_dilemmas,1,1,1
362,,,1,none,0
363,2,eval_ant_hh,2,2,1
364,2,eval_ant_hh,2,2,1
365,2,eval_ant_hh,2,2,1
366,2,eval_ant_hh,2,2,1
367,2,eval_ant_hh,2,2,1
368,3,eval_balanced_refusal,3,3,1
369,3,eval_balanced_refusal,3,3,1
370,3,eval_balanced_refusal,3,3,1
371,3,eval_balanced_refusal,3,3,1
372,3,eval_balanced_refusal,3,3,1
373,4,eval_daily_dilemmas,4,4,1
374,4,eval_daily_dilemmas,4,4,1
375,4,eval_daily_dilemmas,4,4,1
376,4,eval_daily_dilemmas,4,4,1
377,4,eval_daily_dilemmas,4,4,1
378,1,eval_ai_dilemmas,1,1,1
379,,,1,4,0
380,1,eval_ai_dilemmas,1,1,1
381,1,eval_ai_dilemmas,1,1,1
382,1,eval_ai_dilemmas,1,1,1
383,2,eval_ant_hh,2,2,1
384,2,eval_ant_hh,2,2,1
385,2,eval_ant_hh,2,2,1
386,3,eval_balanced_refusal,3,3,1
387,3,eval_balanced_refusal,3,3,1
388,3,eval_balanced_refusal,3,3,1
389,3,eval_balanced_refusal,3,3,1
390,3,eval_balanced_refusal,3,3,1
391,4,eval_daily_dilemmas,4,4,1
392,4,eval_daily_dilemmas,4,4,1
393,4,eval_daily_dilemmas,4,4,1
394,4,eval_daily_dilemmas,4,4,1
395,4,eval_daily_dilemmas,4,4,1
396,1,eval_ai_dilemmas,1,1,1
397,1,eval_ai_dilemmas,1,1,1
398,1,eval_ai_dilemmas,1,1,1
399,,,1,none,0
400,1,eval_ai_dilemmas,1,1,1
401,2,eval_ant_hh,2,2,1
402,3,eval_balanced_refusal,3,3,1
403,3,eval_balanced_refusal,3,3,1
404,3,eval_balanced_refusal,3,3,1
405,3,eval_balanced_refusal,3,3,1
406,3,eval_balanced_refusal,3,3,1
407,4,eval_daily_dilemmas,4,4,1
408,4,eval_daily_dilemmas,4,4,1
409,4,eval_daily_dilemmas,4,4,1
410,4,eval_daily_dilemmas,4,4,1
411,4,eval_daily_dilemmas,4,4,1
412,,,1,4,0
413,,,1,4,0
414,1,eval_ai_dilemmas,1,1,1
415,1,eval_ai_dilemmas,1,1,1
416,2,eval_ant_hh,2,2,1
417,2,eval_ant_hh,2,2,1
418,2,eval_ant_hh,2,2,1
419,2,eval_ant_hh,2,2,1
420,3,eval_balanced_refusal,3,3,1
421,3,eval_balanced_refusal,3,3,1
422,3,eval_balanced_refusal,3,3,1
423,3,eval_balanced_refusal,3,3,1
424,3,eval_balanced_refusal,3,3,1
425,4,eval_daily_dilemmas,4,4,1
426,4,eval_daily_dilemmas,4,4,1
427,4,eval_daily_dilemmas,4,4,1
428,4,eval_daily_dilemmas,4,4,1
429,4,eval_daily_dilemmas,4,4,1
430,1,eval_ai_dilemmas,1,1,1
431,1,eval_ai_dilemmas,1,1,1
432,1,eval_ai_dilemmas,1,1,1
433,1,eval_ai_dilemmas,1,1,1
434,1,eval_ai_dilemmas,1,1,1
435,2,eval_ant_hh,2,2,1
436,2,eval_ant_hh,2,2,1
437,2,eval_ant_hh,2,2,1
438,3,eval_balanced_refusal,3,3,1
439,3,eval_balanced_refusal,3,3,1
440,3,eval_balanced_refusal,3,3,1
441,3,eval_balanced_refusal,3,3,1
442,3,eval_balanced_refusal,3,3,1
443,4,eval_daily_dilemmas,4,4,1
444,4,eval_daily_dilemmas,4,4,1
445,4,eval_daily_dilemmas,4,4,1
446,4,eval_daily_dilemmas,4,4,1
447,4,eval_daily_dilemmas,4,4,1
448,1,eval_ai_dilemmas,1,1,1
449,1,eval_ai_dilemmas,1,1,1
450,1,eval_ai_dilemmas,1,1,1
451,1,eval_ai_dilemmas,1,1,1
452,,,1,4,0
453,2,eval_ant_hh,2,2,1
454,2,eval_ant_hh,2,2,1
455,3,eval_balanced_refusal,3,3,1
456,3,eval_balanced_refusal,3,3,1
457,3,eval_balanced_refusal,3,3,1
458,4,eval_daily_dilemmas,4,4,1
459,4,eval_daily_dilemmas,4,4,1
460,4,eval_daily_dilemmas,4,4,1
461,4,eval_daily_dilemmas,4,4,1
462,4,eval_daily_dilemmas,4,4,1
463,1,eval_ai_dilemmas,1,1,1
464,,,1,4,0
465,1,eval_ai_dilemmas,1,1,1
466,,,1,none,0
467,1,eval_ai_dilemmas,1,1,1
468,2,eval_ant_hh,2,2,1
469,2,eval_ant_hh,2,2,1
470,2,eval_ant_hh,2,2,1
471,3,eval_balanced_refusal,3,3,1
472,3,eval_balanced_refusal,3,3,1
473,3,eval_balanced_refusal,3,3,1
474,3,eval_balanced_refusal,3,3,1
475,3,eval_balanced_refusal,3,3,1
476,4,eval_daily_dilemmas,4,4,1
477,4,eval_daily_dilemmas,4,4,1
478,4,eval_daily_dilemmas,4,4,1
479,4,eval_daily_dilemmas,4,4,1
480,,,none,4,0
481,1,eval_ai_dilemmas,1,1,1
482,,,1,none,0
483,1,eval_ai_dilemmas,1,1,1
484,1,eval_ai_dilemmas,1,1,1
485,1,eval_ai_dilemmas,1,1,1
486,2,eval_ant_hh,2,2,1
487,2,eval_ant_hh,2,2,1
488,3,eval_balanced_refusal,3,3,1
489,3,eval_balanced_refusal,3,3,1
490,3,eval_balanced_refusal,3,3,1
491,3,eval_balanced_refusal,3,3,1
492,4,eval_daily_dilemmas,4,4,1
493,4,eval_daily_dilemmas,4,4,1
494,4,eval_daily_dilemmas,4,4,1
495,4,eval_daily_dilemmas,4,4,1
496,4,eval_daily_dilemmas,4,4,1
497,1,eval_ai_dilemmas,1,1,1
498,4,eval_daily_dilemmas,4,4,1
499,1,eval_ai_dilemmas,1,1,1
500,1,eval_ai_dilemmas,1,1,1
501,1,eval_ai_dilemmas,1,1,1
502,2,eval_ant_hh,2,2,1
503,3,eval_balanced_refusal,3,3,1
504,3,eval_balanced_refusal,3,3,1
505,3,eval_balanced_refusal,3,3,1
506,3,eval_balanced_refusal,3,3,1
507,3,eval_balanced_refusal,3,3,1
508,4,eval_daily_dilemmas,4,4,1
509,4,eval_daily_dilemmas,4,4,1
510,4,eval_daily_dilemmas,4,4,1
511,4,eval_daily_dilemmas,4,4,1
512,4,eval_daily_dilemmas,4,4,1
513,1,eval_ai_dilemmas,1,1,1
514,1,eval_ai_dilemmas,1,1,1
515,1,eval_ai_dilemmas,1,1,1
516,1,eval_ai_dilemmas,1,1,1
517,1,eval_ai_dilemmas,1,1,1
518,2,eval_ant_hh,2,2,1
519,2,eval_ant_hh,2,2,1
520,2,eval_ant_hh,2,2,1
521,3,eval_balanced_refusal,3,3,1
522,3,eval_balanced_refusal,3,3,1
523,3,eval_balanced_refusal,3,3,1
524,4,eval_daily_dilemmas,4,4,1
525,4,eval_daily_dilemmas,4,4,1
526,4,eval_daily_dilemmas,4,4,1
527,4,eval_daily_dilemmas,4,4,1
528,4,eval_daily_dilemmas,4,4,1
529,1,eval_ai_dilemmas,1,1,1
530,1,eval_ai_dilemmas,1,1,1
531,1,eval_ai_dilemmas,1,1,1
532,,,1,4,0
533,,,1,4,0
534,2,eval_ant_hh,2,2,1
535,2,eval_ant_hh,2,2,1
536,2,eval_ant_hh,2,2,1
537,3,eval_balanced_refusal,3,3,1
538,3,eval_balanced_refusal,3,3,1
539,3,eval_balanced_refusal,3,3,1
540,3,eval_balanced_refusal,3,3,1
541,3,eval_balanced_refusal,3,3,1
542,4,eval_daily_dilemmas,4,4,1
543,4,eval_daily_dilemmas,4,4,1
544,4,eval_daily_dilemmas,4,4,1
545,4,eval_daily_dilemmas,4,4,1
546,4,eval_daily_dilemmas,4,4,1
547,1,eval_ai_dilemmas,1,1,1
548,1,eval_ai_dilemmas,1,1,1
549,1,eval_ai_dilemmas,1,1,1
550,1,eval_ai_dilemmas,1,1,1
551,,,1,4,0
552,2,eval_ant_hh,2,2,1
553,3,eval_balanced_refusal,3,3,1
554,3,eval_balanced_refusal,3,3,1
555,3,eval_balanced_refusal,3,3,1
556,3,eval_balanced_refusal,3,3,1
557,4,eval_daily_dilemmas,4,4,1
558,4,eval_daily_dilemmas,4,4,1
559,4,eval_daily_dilemmas,4,4,1
560,4,eval_daily_dilemmas,4,4,1
561,4,eval_daily_dilemmas,4,4,1
562,1,eval_ai_dilemmas,1,1,1
563,1,eval_ai_dilemmas,1,1,1
564,1,eval_ai_dilemmas,1,1,1
565,1,eval_ai_dilemmas,1,1,1
566,1,eval_ai_dilemmas,1,1,1
567,2,eval_ant_hh,2,2,1
568,3,eval_balanced_refusal,3,3,1
569,3,eval_balanced_refusal,3,3,1
570,3,eval_balanced_refusal,3,3,1
571,3,eval_balanced_refusal,3,3,1
572,4,eval_daily_dilemmas,4,4,1
573,4,eval_daily_dilemmas,4,4,1
574,4,eval_daily_dilemmas,4,4,1
575,4,eval_daily_dilemmas,4,4,1
576,4,eval_daily_dilemmas,4,4,1
577,1,eval_ai_dilemmas,1,1,1
578,1,eval_ai_dilemmas,1,1,1
579,1,eval_ai_dilemmas,1,1,1
580,,,1,none,0
581,1,eval_ai_dilemmas,1,1,1
582,2,eval_ant_hh,2,2,1
583,2,eval_ant_hh,2,2,1
584,2,eval_ant_hh,2,2,1
585,2,eval_ant_hh,2,2,1
586,3,eval_balanced_refusal,3,3,1
587,3,eval_balanced_refusal,3,3,1
588,4,eval_daily_dilemmas,4,4,1
589,4,eval_daily_dilemmas,4,4,1
590,4,eval_daily_dilemmas,4,4,1
591,4,eval_daily_dilemmas,4,4,1
592,4,eval_daily_dilemmas,4,4,1
593,1,eval_ai_dilemmas,1,1,1
594,,,1,4,0
595,1,eval_ai_dilemmas,1,1,1
596,,,1,4,0
597,,,none,none,1
598,3,eval_balanced_refusal,3,3,1
599,4,eval_daily_dilemmas,4,4,1
